ID,price,year,baths,sqft,Community Type,Number of Ammenities,Living Area,Total Area,Total Floors,Garage Spaces,Bedrooms
1," $899,000 ",2022,3,"2,266",Gated,8,"2,266","2,882",2,2,3
2," $699,995 ",2024,3,"2,242",Gated,4,"2,242","2,940",2,2,6
3," $699,000 ",2022,3,"2,243",Gated,8,"2,243","2,940",2,2,4
4," $595,000 ",2022,2,"1,569",Gated,4,"1,569","1,965",1,2,2
5," $599,995 ",2024,2,"1,643",Gated,6,"1,643","2,261",1,2,3
6," $589,995 ",2023,2,"1,575",Gated,6,"1,575","2,273",1,2,2
7," $850,000 ",2022,3,"2,242",Gated,8,"2,242","3,242",2,2,3
8," $759,000 ",2021,2,"1,643",Gated,8,"1,643","2,273",1,2,2
9," $510,000 ",2016,2,"1,724",Gated,11,"1,724","2,105",1,2,2
10," $725,995 ",2024,2,"1,575",Gated,6,"1,575","2,273",1,2,3
11," $649,995 ",2023,2,"1,575",Gated,6,"1,575","2,273",1,2,3
12," $649,000 ",1992,2,"1,610",Gated,5,"1,610","1,962",1,2,3
13," $1,699,000 ",2003,3,"3,564",Non-Gated,1,"3,564","4,274",1,2,4
14," $1,650,000 ",2003,3,"1,750",Non-Gated,1,"1,750","2,625",2,2,2
15," $2,999,000 ",2018,3,"4,358",No Subdivision,1,"4,358","5,056",1,2,4
16," $889,000 ",1975,2,"1,923",No Subdivision,1,"1,923","3,043",1,2,3
17," $37,950,000 ",2022,3,"10,370",Non-Gated,3,"10,370","13,914",1,22,1
18," $889,000 ",1991,1,"1,632",Non-Gated,7,"1,632","2,106",2,3,3
19," $365,000 ",2006,2,"1,246",Gated,10,"1,246","1,321",4,1,3
20," $375,000 ",2006,2,"1,126",Gated,11,"1,126","1,214",1,1,3
21," $399,900 ",2006,2,"1,246",Gated,4,"1,246","1,321",1,1,3
22," $825,000 ",2013,3,"2,088",Gated,9,"2,088","2,745",1,2,3
23," $820,000 ",2014,3,"1,859",Gated,5,"1,859","2,256",1,2,3
24," $749,000 ",2007,2,"2,324",Gated,12,"2,324","3,081",2,2,3
25," $749,000 ",2016,3,"2,088",Gated,7,"2,088","2,745",1,2,3
26," $705,000 ",2014,3,"1,868",Gated,8,"1,868","2,276",1,2,3
27," $719,000 ",2007,2,"1,797",Non-Gated,8,"1,797","2,155",1,2,3
28," $1,850,000 ",2013,3,"3,402",Gated,9,"3,402","4,788",1,3,5
29," $1,639,000 ",2007,3,"3,002",Gated,9,"3,002","4,500",1,2,5
30," $1,100,000 ",2001,3,"2,209",Gated,9,"2,209","2,209",1,2,4
31," $749,000 ",1992,2,"1,467",Gated,11,"1,467","1,872",1,2,3
32," $775,000 ",2001,2,"1,846",Gated,10,"1,846","2,228",1,2,3
33," $1,050,000 ",2005,3,"2,305",Gated,11,"2,305","3,986",1,2,4
34," $1,295,000 ",2009,3,"2,430",Gated,12,"2,430","2,904",1,2,4
35," $545,000 ",2020,2,"1,509",Gated,14,"1,509","1,988",1,1,3
36," $537,900 ",2021,2,"1,549",Gated,14,"1,549","1,713",1,2,3
37," $750,000 ",2005,2,"1,769",Gated,12,"1,769","2,139",1,2,3
38," $965,000 ",2002,4,"2,370",Gated,11,"2,370","3,695",1,2,1
39," $21,995,000 ",2024,5,"6,459",Non-Gated,1,"6,459","8,777",2,3,5
40," $14,995,000 ",2024,4,"5,818",Non-Gated,2,"5,818","7,426",2,5,5
41," $29,000,000 ",2024,6,"8,890",Non-Gated,1,"8,890","12,062",2,5,5
42," $11,995,000 ",2023,6,"4,982",Non-Gated,1,"4,982","6,682",2,2,5
43," $21,995,000 ",2023,5,"7,385",Non-Gated,2,"7,385","10,558",2,4,5
44," $498,000 ",2007,2,"1,938",Gated,11,"1,938","2,448",2,1,3
45," $425,000 ",2016,2,"1,804",Gated,8,"1,804","2,414",2,2,3
46," $448,800 ",2016,2,"1,779",Gated,8,"1,779","2,300",2,2,3
47," $499,000 ",2016,2,"1,945",Gated,8,"1,945","2,414",2,2,3
48," $478,000 ",2016,2,"1,945",Gated,13,"1,945","2,520",2,2,3
49," $469,000 ",2015,2,"1,779",Gated,11,"1,779","2,300",2,2,2
50," $399,000 ",2007,2,"1,467",Gated,13,"1,467","2,000",2,1,3
51," $895,000 ",2003,2,"2,389",Gated,4,"2,389","3,139",2,2,5
52," $890,000 ",2004,3,"2,098",Gated,3,"2,098","3,469",2,2,3
53," $1,250,000 ",2023,2,"1,793",Non-Gated,1,"1,793","2,601",1,2,3
54," $624,900 ",2023,2,"1,720",Gated,6,"1,720","2,440",2,2,3
55," $829,000 ",2003,3,"2,100",Gated,1,"2,100","2,600",2,2,3
56," $799,900 ",2004,2,"2,467",Gated,3,"2,467","6,777",1,2,3
57," $950,000 ",2018,3,"2,032",Gated,14,"2,032","4,780",1,2,4
58," $849,000 ",2019,3,"2,215",Gated,17,"2,215","2,614",1,2,3
59," $735,900 ",2018,2,"1,908",Gated,17,"1,908","2,339",1,2,2
60," $625,000 ",2015,2,"1,848",Gated,14,"1,848","2,252",1,2,2
61," $620,800 ",2015,2,"1,573",Gated,12,"1,573","4,435",1,2,4
62," $610,000 ",2015,3,"2,100",Gated,13,"2,100","2,384",2,2,3
63," $599,000 ",2015,3,"2,115",Gated,18,"2,115","2,949",2,2,3
64," $899,000 ",2019,3,"3,231",Gated,15,"3,231","4,972",2,3,5
65," $1,250,000 ",2016,3,"2,420",Gated,15,"2,420","3,154",1,2,4
66," $1,099,995 ",2018,3,"3,231",Gated,11,"3,231","4,972",2,3,5
67," $899,000 ",2016,3,"2,506",Gated,21,"2,506","3,177",1,2,3
68," $699,900 ",2015,3,"2,414",Gated,12,"2,414","3,344",2,2,3
69," $479,900 ",2018,2,"1,564",Gated,17,"1,564","2,154",1,2,2
70," $949,000 ",2013,2,"2,587",Gated,1,"2,587","2,587",2,2,4
71," $5,465,000 ",2023,5,"4,346",Gated,19,"4,346","6,417",1,3,4
72," $4,380,000 ",2002,4,"5,432",Gated,15,"5,432","8,046",2,3,4
73," $2,150,000 ",1994,3,"3,374",Gated,15,"3,374","6,273",1,2,3
74," $2,099,000 ",1992,3,"3,153",Gated,13,"3,153","3,619",1,2,4
75," $499,000 ",1998,2,"1,570",Gated,13,"1,570","1,570",2,1,2
76," $514,900 ",1998,2,"1,616",Gated,15,"1,616","1,954",1,1,3
77," $799,000 ",2000,2,"1,821",Gated,15,"1,821","3,661",1,2,3
78," $1,295,000 ",1999,3,"3,400",Gated,14,"3,400","3,523",2,2,5
79," $1,200,000 ",1998,2,"2,327",Gated,9,"2,327","2,806",1,2,3
80," $895,000 ",2000,2,"1,760",Gated,11,"1,760","2,437",1,2,2
81," $895,000 ",1997,2,"2,114",Gated,13,"2,114","2,444",1,2,3
82," $765,000 ",1999,2,"1,584",Gated,14,"1,584","2,417",1,2,2
83," $459,900 ",1997,2,"1,570",Gated,14,"1,570","2,402",1,1,2
84," $11,750,000 ",2023,5,"5,204",Non-Gated,1,"5,204","7,250",1,4,5
85," $1,395,000 ",2017,3,"2,948",Gated,3,"2,948","3,474",2,2,6
86," $1,000,000 ",2018,2,"2,466",Gated,4,"2,466","3,066",2,2,4
87," $975,000 ",2015,3,"2,384",Gated,9,"2,384","3,470",1,3,3
88," $1,279,000 ",2015,3,"2,384",Gated,9,"2,384","3,470",1,3,3
89," $800,000 ",2013,2,"1,911",Gated,10,"1,911","2,340",1,2,3
90," $699,000 ",2002,3,"2,302",Gated,10,"2,302","3,185",1,2,4
91," $749,900 ",2000,2,"1,996",Gated,10,"1,996","2,081",1,2,3
92," $530,000 ",1999,2,"1,548",Gated,7,"1,548","1,548",1,2,2
93," $369,000 ",2005,2,"1,407",Non-Gated,6,"1,407","1,407",2,1,2
94," $679,000 ",1992,2,"1,966",Non-Gated,4,"1,966","2,195",1,2,3
95," $3,200,000 ",2022,4,"4,188",No Subdivision,1,"4,188","6,661",1,6,3
96," $1,345,000 ",2024,3,"2,366",Gated,12,"2,366","3,363",1,2,6
97," $769,000 ",1985,1,"1,119",No Subdivision,1,"1,119","1,712",1,1,2
98," $1,547,868 ",2024,4,"3,835",Gated,14,"3,835","5,464",2,2,4
99," $1,520,069 ",2024,4,"3,363",Gated,12,"3,363","3,363",2,2,4
100," $849,000 ",2005,3,"3,021",Gated,12,"3,021","3,685",1,2,3
101," $729,000 ",2002,2,"1,765",Gated,17,"1,765","2,429",1,2,3
102," $749,900 ",2001,2,"1,705",Gated,14,"1,705","1,705",1,2,2
103," $645,000 ",1984,2,"1,500",Gated,8,"1,500","1,500",1,1,2
104," $599,000 ",1993,3,"2,025",Gated,6,"2,025","2,845",2,2,5
105," $1,500,000 ",1987,2,"1,328",Gated,1,"1,328","1,450",1,1,3
106," $1,680,000 ",2004,3,"3,102",Non-Gated,3,"3,102","4,127",2,3,5
107," $2,650,000 ",2020,4,"4,610",Gated,3,"4,610","5,737",2,2,5
108," $989,900 ",2019,2,"1,404",Non-Gated,3,"1,404","1,764",2,1,3
109," $849,000 ",1985,2,"2,260",Non-Gated,1,"2,260","2,681",1,2,3
110," $599,900 ",1967,2,"1,806",Non-Gated,3,"1,806","2,206",1,2,4
111," $950,000 ",1977,2,"1,505",Non-Gated,8,"1,505","1,856",1,2,3
112," $899,900 ",1986,2,"1,499",Gated,9,"1,499","1,635",1,1,2
113," $798,000 ",1986,2,"1,359",Gated,9,"1,359","1,359",1,1,2
114," $1,100,000 ",1987,2,"1,660",Gated,8,"1,660","1,660",1,2,3
115," $819,900 ",1986,2,"1,359",Gated,9,"1,359","1,359",1,1,2
116," $3,445,000 ",1998,3,"4,314",Gated,18,"4,314","7,235",2,3,2
117," $2,900,000 ",1998,4,"3,265",Gated,18,"3,265","4,635",1,3,3
118," $2,800,000 ",1995,4,"3,943",Gated,18,"3,943","7,451",2,3,3
119," $1,499,000 ",2020,4,"4,859",Gated,3,"4,859","9,148",2,3,7
120," $1,390,000 ",2020,4,"3,753",Gated,5,"3,753","4,748",2,3,4
121," $1,295,000 ",2017,3,"3,445",Gated,5,"3,445","4,447",1,3,4
122," $949,995 ",2017,2,"2,187",Gated,10,"2,187","2,637",1,2,3
123," $749,900 ",2017,2,"2,422",Gated,9,"2,422","2,799",1,2,3
124," $1,100,000 ",2019,3,"2,947",Gated,10,"2,947","3,073",2,2,3
125," $759,000 ",2021,3,"2,051",Gated,10,"2,051","2,458",1,2,2
126," $710,000 ",2017,2,"1,993",Gated,9,"1,993","2,754",1,2,3
127," $709,000 ",2020,2,"1,998",Gated,7,"1,998","2,700",1,2,3
128," $685,000 ",2019,2,"1,994",Gated,7,"1,994","2,845",1,2,3
129," $744,500 ",2011,3,"2,293",Gated,3,"2,293","2,760",1,3,4
130," $1,050,000 ",2008,3,"2,824",Gated,2,"2,824","3,228",1,2,4
131," $875,000 ",2014,3,"2,006",Gated,3,"2,006","2,353",1,2,3
132," $724,900 ",2012,2,"1,834",Gated,1,"1,834","2,745",1,3,3
133," $780,000 ",2011,3,"2,293",Gated,3,"2,293","4,419",1,3,4
134," $10,950,000 ",2023,5,"5,362",Non-Gated,1,"5,362","7,291",1,3,5
135," $4,395,000 ",1994,3,"2,775",Non-Gated,3,"2,775","4,063",1,2,4
136," $3,750,000 ",1975,4,"2,604",Non-Gated,1,"2,604","4,664",1,2,4
137," $2,950,000 ",1971,2,"1,581",Non-Gated,2,"1,581","2,047",1,2,2
138," $11,495,000 ",2024,4,"5,155",Non-Gated,1,"5,155","7,617",1,3,4
139," $1,065,000 ",2015,3,"3,005",Gated,11,"3,005","3,574",1,3,4
140," $975,000 ",2020,3,"3,248",Gated,17,"3,248","4,080",2,3,5
141," $524,000 ",1990,2,"1,724",Gated,13,"1,724","2,117",1,2,4
142," $850,000 ",2019,3,"2,006",Gated,10,"2,006","2,386",1,2,4
143," $784,000 ",2015,2,"2,099",Gated,17,"2,099","2,449",1,2,3
144," $705,000 ",2020,3,"2,006",Gated,17,"2,006","2,383",1,2,4
145," $535,000 ",2019,2,"1,583",Gated,15,"1,583","2,211",1,2,3
146," $795,000 ",2019,3,"2,552",Gated,15,"2,552","2,629",2,2,4
147," $1,295,000 ",2018,3,"4,185",Gated,14,"4,185","5,227",2,3,4
148," $1,065,000 ",2014,3,"3,005",Gated,17,"3,005","3,582",1,3,4
149," $899,900 ",2018,3,"2,904",Gated,19,"2,904","3,240",2,2,3
150," $895,000 ",2015,2,"2,086",Gated,14,"2,086","2,428",1,2,3
151," $849,999 ",2018,2,"2,239",Gated,12,"2,239","2,764",1,3,4
152," $795,000 ",2018,3,"2,032",Gated,15,"2,032","2,630",1,2,4
153," $795,000 ",2019,3,"2,032",Gated,15,"2,032","2,630",1,2,4
154," $670,000 ",2019,3,"2,006",Gated,12,"2,006","2,513",1,2,4
155," $550,000 ",2019,2,"1,566",Gated,15,"1,566","2,427",1,2,3
156," $599,000 ",1991,2,"1,323",Gated,13,"1,323","1,736",1,2,3
157," $619,000 ",1990,2,"1,610",Gated,11,"1,610","1,610",1,2,3
158," $550,000 ",1989,2,"1,619",Gated,20,"1,619","2,023",1,2,3
159," $1,795,000 ",2002,3,"2,760",Gated,11,"2,760","3,367",1,1,3
160," $750,000 ",1990,2,"1,400",Non-Gated,9,"1,400","2,000",1,2,3
161," $749,900 ",1989,2,"2,322",Non-Gated,7,"2,322","2,736",1,1,3
162," $749,000 ",1991,2,"1,913",Non-Gated,9,"1,913","2,403",1,2,3
163," $727,000 ",1998,2,"1,887",Non-Gated,7,"1,887","2,797",1,2,3
164," $634,999 ",2001,2,"1,690",Gated,15,"1,690","2,325",1,2,2
165," $392,000 ",2004,2,"1,377",Non-Gated,2,"1,377","1,377",2,1,2
166," $895,000 ",1994,3,"3,830",Non-Gated,8,"3,830","5,628",2,2,5
167," $769,000 ",1988,2,"2,139",Non-Gated,6,"2,139","2,622",1,2,3
168," $685,000 ",1993,2,"2,135",Non-Gated,9,"2,135","2,508",1,2,3
169," $510,000 ",2003,2,"1,559",Gated,13,"1,559","1,885",1,2,3
170," $649,000 ",2001,3,"2,088",Gated,10,"2,088","2,423",1,2,4
171," $599,900 ",2001,2,"1,647",Gated,13,"1,647","1,979",1,2,3
172," $1,825,000 ",1996,3,"3,154",Gated,8,"3,154","4,167",1,2,4
173," $479,000 ",2003,2,"1,560",Gated,12,"1,560","1,911",1,2,3
174," $384,999 ",1989,2,"1,489",Non-Gated,3,"1,489","1,870",1,1,3
175," $314,900 ",1994,2,"1,563",Non-Gated,3,"1,563","1,563",1,1,3
176," $549,000 ",1987,2,"1,462",Non-Gated,1,"1,462","1,955",1,2,3
177," $2,149,000 ",1995,2,"2,967",Gated,8,"2,967","5,055",1,2,3
178," $396,900 ",2004,2,"1,377",Non-Gated,5,"1,377","1,377",2,1,2
179," $925,000 ",1997,3,"2,315",Gated,2,"2,315","4,303",1,2,3
180," $725,000 ",1995,2,"2,138",Non-Gated,8,"2,138","2,556",1,2,3
181," $419,900 ",1997,2,"1,466",Non-Gated,10,"1,466","1,807",1,2,3
182," $625,000 ",1996,2,"1,890",Non-Gated,13,"1,890","2,290",1,2,3
183," $599,900 ",1993,2,"2,729",Non-Gated,9,"2,729","3,187",1,2,4
184," $578,000 ",1994,2,"1,461",Non-Gated,7,"1,461","1,870",1,2,3
185," $575,000 ",1996,2,"1,836",Non-Gated,15,"1,836","2,290",1,2,3
186," $1,099,000 ",1966,2,"1,550",Gated,1,"1,550","2,006",1,2,2
187," $1,150,000 ",1980,2,"1,863",Gated,1,"1,863","2,168",1,2,3
188," $430,000 ",2003,2,"1,742",Gated,6,"1,742","1,742",1,2,3
189," $1,790,000 ",1975,3,"2,634",Gated,1,"2,634","3,673",1,2,4
190," $949,777 ",2007,3,"2,971",Gated,8,"2,971","3,219",1,2,3
191," $3,849,000 ",2023,4,"3,010",No Subdivision,1,"3,010","4,295",1,3,4
192," $425,000 ",2005,2,"1,742",Gated,4,"1,742","2,345",1,2,3
193," $425,000 ",2003,2,"1,742",Gated,4,"1,742","2,345",1,2,2
194," $469,000 ",2005,2,"1,742",Gated,6,"1,742","2,345",1,2,3
195," $429,900 ",2006,2,"1,742",Gated,6,"1,742","2,345",1,2,3
196," $640,000 ",2005,2,"1,988",Gated,15,"1,988","2,407",1,2,3
197," $699,000 ",1988,2,"2,301",Gated,7,"2,301","2,301",1,2,3
198," $439,000 ",2002,2,"1,351",Gated,10,"1,351","1,943",1,1,2
199," $425,000 ",1999,2,"1,351",Gated,9,"1,351","1,943",1,1,2
200," $412,500 ",2002,2,"1,351",Gated,10,"1,351","1,943",1,1,2
201," $998,900 ",2013,3,"2,911",Gated,5,"2,911","3,621",2,2,3
202," $649,000 ",2004,2,"2,180",Gated,9,"2,180","2,874",1,2,1
203," $575,000 ",2002,2,"1,761",Gated,5,"1,761","2,255",1,2,3
204," $399,000 ",1999,2,"1,351",Gated,8,"1,351","1,351",1,1,2
205," $830,000 ",2014,2,"2,221",Gated,5,"2,221","3,126",1,3,3
206," $2,250,000 ",2007,4,"3,533",Gated,8,"3,533","8,065",1,2,6
207," $1,599,000 ",2020,2,"1,476",Non-Gated,15,"1,476","1,749",1,1,2
208," $995,000 ",2003,3,"2,772",Gated,16,"2,772","4,663",1,2,3
209," $799,000 ",2002,3,"2,058",Gated,18,"2,058","2,825",1,2,3
210," $729,000 ",1988,2,"2,262",Gated,16,"2,262","2,769",1,2,3
211," $525,000 ",1995,3,"2,101",Gated,12,"2,101","3,973",1,2,3
212," $3,495,000 ",2023,3,"2,539",Non-Gated,20,"2,539","2,827",1,2,3
213," $3,599,000 ",2019,5,"3,609",Gated,18,"3,609","5,019",1,3,4
214," $3,450,000 ",2018,4,"4,819",Gated,24,"4,819","5,388",2,3,4
215," $2,489,000 ",2019,3,"2,862",Gated,24,"2,862","3,704",1,2,3
216," $2,450,000 ",2013,3,"3,043",Gated,21,"3,043","4,148",1,3,4
217," $1,699,000 ",2019,3,"2,136",Gated,24,"2,136","2,729",1,3,3
218," $1,320,000 ",2017,4,"2,835",Gated,24,"2,835","3,038",2,2,4
219," $1,099,000 ",2019,2,"1,791",Gated,18,"1,791","2,317",1,2,3
220," $979,999 ",2020,3,"2,089",Gated,22,"2,089","3,076",1,2,3
221," $1,075,000 ",2007,4,"3,328",Gated,6,"3,328","3,328",2,2,5
222," $1,625,000 ",2013,3,"2,787",Gated,24,"2,787","3,397",1,3,3
223," $999,000 ",2004,3,"3,296",Gated,4,"3,296","4,155",2,2,4
224," $1,325,000 ",2003,3,"3,801",Gated,8,"3,801","5,452",2,2,3
225," $1,185,000 ",2009,4,"3,236",Gated,9,"3,236","5,396",2,3,5
226," $2,449,000 ",2023,2,"2,282",Non-Gated,24,"2,282","2,576",1,2,2
227," $1,329,000 ",2020,2,"1,268",Non-Gated,20,"1,268","1,350",1,1,2
228," $2,675,000 ",2022,3,"2,110",Non-Gated,17,"2,110","2,430",1,1,3
229," $2,995,000 ",2023,3,"2,587",Gated,17,"2,587","3,078",1,2,3
230," $2,595,000 ",2023,2,"2,282",Non-Gated,17,"2,282","2,576",1,2,2
231," $2,150,000 ",2022,2,"1,692",Non-Gated,16,"1,692","1,892",1,1,2
232," $1,625,000 ",2020,2,"1,787",Gated,16,"1,787","1,977",1,1,2
233," $645,000 ",1981,2,"1,250",Non-Gated,1,"1,250","2,045",1,2,2
234," $420,000 ",1972,2,"1,095",Non-Gated,2,"1,095","1,439",1,1,3
235," $525,000 ",1973,2,"1,330",Non-Gated,2,"1,330","1,997",1,2,3
236," $525,000 ",1973,2,"1,850",Non-Gated,1,"1,850","2,311",1,2,3
237," $359,000 ",1990,2,"1,350",Gated,9,"1,350","1,687",1,1,2
238," $639,000 ",2001,2,"2,193",Gated,11,"2,193","2,193",2,2,3
239," $319,000 ",1990,2,"1,200",Gated,11,"1,200","1,525",1,1,2
240," $409,000 ",1990,2,"1,200",Gated,11,"1,200","1,525",1,1,2
241," $529,900 ",1999,2,"1,534",Gated,20,"1,534","1,534",1,2,6
242," $899,900 ",2001,3,"2,254",Gated,18,"2,254","2,639",1,2,7
243," $780,000 ",2001,2,"2,254",Gated,19,"2,254","2,659",1,2,3
244," $495,000 ",2022,2,"1,503",Gated,11,"1,503","2,057",1,2,2
245," $700,000 ",2002,2,"1,688",Gated,22,"1,688","1,688",1,2,3
246," $725,000 ",1994,2,"2,141",Non-Gated,6,"2,141","2,864",2,2,3
247," $480,000 ",2021,2,"1,503",Gated,10,"1,503","2,057",1,2,2
248," $479,900 ",2023,2,"1,503",Non-Gated,6,"1,503","2,057",1,2,2
249," $465,000 ",2023,2,"1,503",Gated,10,"1,503","2,057",1,2,2
250," $459,900 ",2023,2,"1,503",Gated,11,"1,503","2,057",1,2,2
251," $459,000 ",2022,2,"1,503",Gated,10,"1,503","2,057",1,2,2
252," $450,000 ",2023,2,"1,503",Gated,13,"1,503","2,057",1,2,2
253," $456,095 ",2024,2,"1,503",Gated,14,"1,503","2,057",1,2,2
254," $449,900 ",2023,2,"1,503",Gated,10,"1,503","2,057",1,2,2
255," $449,000 ",2005,2,"1,792",Gated,11,"1,792","2,332",1,2,3
256," $483,700 ",2024,2,"1,503",Gated,14,"1,503","2,057",1,2,2
257," $480,000 ",2023,2,"1,503",Gated,10,"1,503","2,057",1,2,2
258," $475,000 ",2023,2,"1,503",Gated,7,"1,503","2,057",1,2,2
259," $464,535 ",2023,2,"1,503",Gated,12,"1,503","2,057",1,2,2
260," $459,900 ",2022,2,"1,503",Gated,10,"1,503","2,057",1,2,2
261," $459,000 ",2023,2,"1,503",Gated,7,"1,503","2,057",1,2,2
262," $451,540 ",2023,2,"1,503",Gated,12,"1,503","2,057",1,2,2
263," $451,000 ",2023,2,"1,503",Gated,7,"1,503","2,057",1,2,2
264," $449,990 ",2024,2,"1,504",Gated,11,"1,504","2,057",1,2,2
265," $449,000 ",2022,2,"1,496",Gated,5,"1,496","1,854",1,2,2
266," $448,535 ",2023,2,"1,503",Gated,14,"1,503","2,057",1,2,2
267," $445,360 ",2023,2,"1,503",Gated,10,"1,503","2,057",1,2,2
268," $669,900 ",2005,3,"2,631",Gated,6,"2,631","3,097",1,2,4
269," $725,000 ",2006,2,"2,725",Gated,9,"2,725","3,521",2,2,4
270," $719,000 ",2006,2,"2,095",Gated,7,"2,095","2,243",1,2,3
271," $699,900 ",2003,3,"2,683",Gated,8,"2,683","3,063",1,2,4
272," $664,900 ",2006,2,"2,033",Gated,5,"2,033","3,412",1,2,2
273," $435,000 ",2005,2,"1,824",Gated,7,"1,824","2,332",1,2,3
274," $3,850,000 ",2022,4,"3,500",No Subdivision,1,"3,500","4,600",1,3,4
275," $799,000 ",2021,2,"1,920",Gated,11,"1,920","2,251",1,2,3
276," $1,750,000 ",1995,3,"2,756",Non-Gated,1,"2,756","3,134",1,2,3
277," $1,449,000 ",1977,3,"1,823",No Subdivision,2,"1,823","2,145",1,2,3
278," $1,350,000 ",1983,2,"2,119",Non-Gated,1,"2,119","2,665",1,4,3
279," $2,250,000 ",2020,3,"2,972",Gated,19,"2,972","4,222",1,2,3
280," $1,799,900 ",2021,3,"2,380",Gated,19,"2,380","3,480",1,2,3
281," $1,695,000 ",2019,3,"2,313",Gated,19,"2,313","3,377",1,2,3
282," $1,999,999 ",2015,3,"2,916",Gated,15,"2,916","3,493",1,2,3
283," $1,635,000 ",2019,3,"2,313",Gated,17,"2,313","2,826",1,2,3
284," $3,295,000 ",2017,4,"4,812",Gated,20,"4,812","6,437",2,3,4
285," $1,899,000 ",2017,3,"2,848",Gated,18,"2,848","4,123",1,2,3
286," $2,897,000 ",2004,5,"4,098",Gated,4,"4,098","5,508",2,2,4
287," $899,000 ",1985,2,"2,207",Gated,11,"2,207","2,699",1,2,3
288," $1,799,000 ",2022,3,"3,100",Gated,16,"3,100","3,893",1,3,3
289," $1,191,800 ",2024,3,"2,405",Gated,8,"2,405","3,458",1,2,3
290," $1,099,000 ",2022,3,"2,332",Gated,15,"2,332","3,308",1,2,3
291," $647,000 ",2023,2,"1,905",Gated,16,"1,905","2,246",1,2,3
292," $689,000 ",2023,2,"1,905",Gated,3,"1,905","2,246",1,2,3
293," $565,000 ",2018,2,"1,810",Gated,2,"1,810","1,980",2,2,3
294," $535,000 ",2020,2,"1,366",Gated,4,"1,366","1,565",1,1,2
295," $495,000 ",2020,2,"1,670",Gated,6,"1,670","1,922",2,1,3
296," $535,000 ",2021,2,"1,810",Gated,7,"1,810","2,279",1,2,3
297," $559,900 ",2021,2,"1,958",Gated,2,"1,958","2,378",2,2,6
298," $899,900 ",2002,2,"1,617",Gated,15,"1,617","2,316",1,2,6
299," $789,000 ",2004,3,"2,527",Gated,9,"2,527","3,140",1,2,4
300," $698,000 ",2004,2,"1,784",Gated,15,"1,784","3,021",1,2,2
301," $649,000 ",2004,2,"1,784",Gated,10,"1,784","2,120",1,2,3
302," $520,000 ",1998,2,"1,556",Gated,14,"1,556","2,196",1,2,2
303," $1,250,000 ",2004,3,"2,858",Gated,17,"2,858","3,500",2,2,4
304," $883,880 ",2001,2,"2,292",Gated,9,"2,292","3,104",1,2,3
305," $724,800 ",1999,2,"1,704",Gated,14,"1,704","2,058",1,2,2
306," $565,000 ",2000,2,"1,556",Gated,16,"1,556","2,196",1,2,2
307," $1,200,000 ",2014,2,"2,374",Gated,14,"2,374","2,888",1,3,4
308," $1,695,000 ",2011,3,"2,961",Gated,17,"2,961","4,012",1,3,5
309," $1,450,000 ",2012,3,"2,603",Gated,14,"2,603","3,134",1,3,4
310," $1,400,000 ",2012,3,"2,983",Gated,18,"2,983","4,012",1,3,5
311," $624,900 ",2023,2,"2,100",Non-Gated,1,"2,100","2,100",1,2,3
312," $550,000 ",2020,2,"1,486",Non-Gated,1,"1,486","1,820",1,2,3
313," $424,500 ",2000,2,"1,360",Gated,9,"1,360","1,930",1,1,2
314," $769,000 ",2001,2,"2,521",Gated,14,"2,521","3,300",2,2,4
315," $840,000 ",1969,3,"2,767",No Subdivision,1,"2,767","4,150",1,2,4
316," $749,000 ",2024,2,"1,845",No Subdivision,1,"1,845","2,667",1,2,3
317," $620,000 ",1981,2,"1,583",Non-Gated,1,"1,583","1,988",1,2,3
318," $620,000 ",2001,4,"1,387",Non-Gated,2,"1,387","1,748",1,2,3
319," $560,000 ",1990,2,"1,500",No Subdivision,1,"1,500","3,273",2,3,3
320," $550,000 ",1980,2,"1,298",Non-Gated,1,"1,298","1,612",1,1,3
321," $825,000 ",1989,3,"2,180",Gated,4,"2,180","2,701",1,2,3
322," $425,000 ",1969,1,"1,049",Non-Gated,1,"1,049","1,445",1,1,2
323," $380,000 ",1983,2,"1,120",Non-Gated,1,"1,120","1,612",1,1,3
324," $595,000 ",1992,2,"1,997",No Subdivision,1,"1,997","2,481",1,2,3
325," $580,000 ",1989,2,"2,232",Non-Gated,1,"2,232","2,733",1,2,3
326," $424,999 ",1969,1,"1,049",Non-Gated,1,"1,049","1,367",1,1,2
327," $589,999 ",1988,2,"1,746",No Subdivision,1,"1,746","2,169",1,2,3
328," $550,000 ",1991,2,"1,378",Non-Gated,1,"1,378","2,346",1,2,3
329," $490,000 ",1984,2,"1,461",Non-Gated,1,"1,461","1,786",1,2,3
330," $629,000 ",2024,2,"1,696",Non-Gated,1,"1,696","2,430",1,2,3
331," $480,000 ",1989,2,"1,317",No Subdivision,1,"1,317","1,590",1,1,3
332," $465,000 ",1966,2,"1,100",Non-Gated,1,"1,100","1,310",1,1,3
333," $385,000 ",1985,3,"1,336",No Subdivision,1,"1,336","1,714",1,2,3
334," $670,000 ",2000,2,"2,240",Non-Gated,1,"2,240","2,607",1,2,5
335," $593,000 ",2023,2,"1,519",No Subdivision,1,"1,519","2,091",1,2,3
336," $587,000 ",1969,2,"1,387",Non-Gated,1,"1,387","1,728",1,1,4
337," $8,150,000 ",2024,5,"7,957",No Subdivision,1,"7,957","11,708",2,4,5
338," $3,450,000 ",2024,5,"3,277",No Subdivision,1,"3,277","5,000",1,3,4
339," $2,900,000 ",2024,4,"3,527",No Subdivision,2,"3,527","4,804",1,3,4
340," $2,470,000 ",1995,5,"4,684",Non-Gated,1,"4,684","8,602",1,8,4
341," $2,099,000 ",2023,4,"4,090",Non-Gated,1,"4,090","5,265",1,8,4
342," $1,995,000 ",2005,4,"3,544",Non-Gated,1,"3,544","5,432",1,4,4
343," $1,988,000 ",2009,5,"4,047",No Subdivision,2,"4,047","5,600",1,4,9
344," $1,890,000 ",2023,3,"2,888",Non-Gated,2,"2,888","4,500",1,3,4
345," $1,799,000 ",2024,3,"2,817",No Subdivision,1,"2,817","4,940",1,3,3
346," $1,775,000 ",2022,3,"2,704",Non-Gated,1,"2,704","4,710",1,3,4
347," $1,749,000 ",2006,4,"4,873",Non-Gated,2,"4,873","11,026",2,2,4
348," $1,675,000 ",1993,5,"3,998",Non-Gated,1,"3,998","5,775",1,4,6
349," $1,595,000 ",1999,4,"3,400",No Subdivision,1,"3,400","4,650",2,2,3
350," $1,545,000 ",2018,3,"2,482",Non-Gated,1,"2,482","3,632",1,3,3
351," $1,500,000 ",2024,3,"2,621",Non-Gated,3,"2,621","3,430",1,3,4
352," $1,499,900 ",2024,3,"2,565",Non-Gated,1,"2,565","4,052",1,3,3
353," $1,490,000 ",2023,3,"3,189",Non-Gated,2,"3,189","3,274",1,2,4
354," $1,199,000 ",2006,2,"2,340",Non-Gated,1,"2,340","3,265",1,2,3
355," $484,000 ",2001,2,"1,995",Gated,11,"1,995","1,995",1,2,2
356," $457,900 ",2000,2,"1,532",Gated,13,"1,532","1,956",1,1,2
357," $10,495,000 ",2002,8,"10,268",Gated,12,"10,268","14,093",2,4,6
358," $349,000 ",2000,2,"1,107",Gated,15,"1,107","1,476",1,1,2
359," $385,000 ",1999,2,"1,231",Gated,9,"1,231","1,569",1,1,2
360," $349,900 ",1996,2,"1,207",Gated,12,"1,207","1,564",1,1,2
361," $10,850,000 ",2008,5,"8,793",Gated,17,"8,793","12,363",2,4,5
362," $425,000 ",2001,2,"1,455",Gated,12,"1,455","2,296",1,2,2
363," $5,550,000 ",1997,6,"6,686",Gated,15,"6,686","9,972",2,4,7
364," $1,099,000 ",2017,2,"2,168",Gated,9,"2,168","2,600",1,2,3
365," $4,250,000 ",2006,6,"5,012",Gated,21,"5,012","8,468",2,3,3
366," $3,125,000 ",2015,3,"3,076",Gated,24,"3,076","3,797",1,2,3
367," $2,900,000 ",1999,3,"2,932",Gated,22,"2,932","5,022",2,2,5
368," $4,950,000 ",2000,4,"5,302",Gated,26,"5,302","7,068",1,3,4
369," $3,589,000 ",1999,3,"3,300",Gated,21,"3,300","6,098",2,2,3
370," $11,950,000 ",2015,5,"7,713",Gated,18,"7,713","10,667",2,4,5
371," $8,250,000 ",1996,4,"6,296",Gated,20,"6,296","8,065",2,5,2
372," $634,900 ",2003,2,"1,868",Gated,16,"1,868","2,218",1,2,3
373," $4,595,000 ",2002,4,"5,118",Gated,14,"5,118","6,249",2,2,4
374," $3,699,000 ",2001,3,"3,587",Gated,21,"3,587","4,206",1,2,4
375," $325,000 ",1987,2,"1,163",Non-Gated,1,"1,163","1,163",1,1,2
376," $2,285,000 ",2020,4,"4,427",Gated,14,"4,427","5,841",2,3,5
377," $1,825,000 ",2021,4,"3,865",Gated,16,"3,865","4,134",2,3,4
378," $1,649,000 ",2019,3,"2,496",Gated,15,"2,496","2,982",1,3,3
379," $1,499,000 ",2016,3,"2,496",Gated,17,"2,496","4,944",1,3,3
380," $1,750,000 ",2021,4,"3,905",Gated,16,"3,905","4,178",2,3,4
381," $524,900 ",2002,2,"1,523",Gated,7,"1,523","1,873",1,2,2
382," $924,500 ",2016,2,"1,676",Gated,15,"1,676","2,236",1,2,2
383," $675,000 ",2002,2,"1,828",Gated,14,"1,828","3,087",1,2,4
384," $440,000 ",2003,2,"1,451",Gated,10,"1,451","2,030",1,2,3
385," $560,000 ",2002,2,"1,567",Gated,13,"1,567","2,627",1,2,2
386," $549,900 ",2002,2,"1,523",Gated,9,"1,523","1,856",1,2,3
387," $529,998 ",2001,2,"1,455",Gated,10,"1,455","2,329",1,2,3
388," $525,000 ",2001,2,"1,455",Gated,12,"1,455","2,130",1,2,3
389," $489,000 ",2002,2,"1,451",Gated,17,"1,451","2,030",1,2,3
390," $480,000 ",2003,2,"1,567",Gated,12,"1,567","1,936",1,2,2
391," $1,949,000 ",1997,4,"2,771",Gated,8,"2,771","5,672",1,3,3
392," $1,250,000 ",1981,3,"3,071",Gated,6,"3,071","5,544",1,2,4
393," $1,199,000 ",1999,2,"2,548",Gated,6,"2,548","5,979",1,3,3
394," $1,100,000 ",1984,2,"2,185",Gated,4,"2,185","2,775",1,2,3
395," $1,000,000 ",1980,3,"3,109",Gated,10,"3,109","3,571",1,2,4
396," $850,000 ",1982,3,"2,428",Gated,8,"2,428","4,929",1,2,4
397," $510,000 ",1989,2,"1,497",Gated,3,"1,497","2,153",1,1,2
398," $1,495,000 ",1987,2,"3,453",Gated,9,"3,453","4,328",2,2,4
399," $1,825,000 ",1986,3,"3,050",Gated,8,"3,050","5,335",1,2,4
400," $1,795,000 ",1999,3,"4,089",Gated,9,"4,089","5,828",1,2,4
401," $1,495,000 ",1986,3,"3,077",Gated,13,"3,077","5,855",1,2,4
402," $1,485,000 ",2000,3,"2,960",Gated,9,"2,960","5,475",1,3,4
403," $1,449,000 ",1988,3,"2,991",Gated,4,"2,991","3,561",1,2,3
404," $1,350,000 ",1988,3,"3,306",Gated,9,"3,306","4,853",1,3,3
405," $1,349,500 ",1981,3,"2,687",Gated,3,"2,687","3,202",1,2,3
406," $795,000 ",1988,2,"2,091",Gated,2,"2,091","2,800",1,2,3
407," $775,000 ",1994,2,"2,653",Gated,6,"2,653","4,256",1,2,3
408," $585,000 ",1990,2,"1,889",Gated,7,"1,889","2,523",1,2,2
409," $470,000 ",1988,2,"1,570",Gated,5,"1,570","1,740",1,1,2
410," $1,079,000 ",2020,3,"2,970",Gated,9,"2,970","3,953",1,2,3
411," $1,745,000 ",2019,4,"3,202",Gated,12,"3,202","4,331",1,3,4
412," $1,550,000 ",2018,3,"3,723",Gated,6,"3,723","5,457",1,4,3
413," $1,425,000 ",2020,3,"3,141",Gated,12,"3,141","3,968",1,2,4
414," $1,400,000 ",2022,2,"2,263",Gated,16,"2,263","2,730",1,2,3
415," $1,230,000 ",2019,2,"2,282",Gated,12,"2,282","4,102",1,2,3
416," $1,199,000 ",2019,2,"2,380",Gated,12,"2,380","4,393",1,2,3
417," $1,189,900 ",2021,3,"2,313",Gated,11,"2,313","2,790",1,2,3
418," $1,149,000 ",2022,3,"2,332",Gated,16,"2,332","2,858",1,2,3
419," $985,000 ",2020,2,"2,364",Gated,8,"2,364","2,907",1,2,3
420," $934,995 ",2024,2,"2,489",Gated,9,"2,489","2,600",1,2,3
421," $795,900 ",2015,2,"2,407",Gated,10,"2,407","2,853",1,2,2
422," $788,000 ",2018,2,"1,680",Gated,12,"1,680","2,076",1,2,2
423," $764,900 ",2015,2,"1,912",Gated,13,"1,912","2,248",1,2,3
424," $695,000 ",2020,2,"1,648",Gated,12,"1,648","2,004",1,2,2
425," $635,900 ",2018,2,"1,680",Gated,11,"1,680","2,267",1,2,2
426," $624,900 ",2020,2,"1,575",Gated,11,"1,575","1,834",1,2,2
427," $1,450,000 ",2023,3,"2,505",Gated,14,"2,505","3,981",1,3,3
428," $1,250,000 ",2004,4,"3,906",Gated,8,"3,906","4,895",2,3,5
429," $979,000 ",2001,3,"3,256",Gated,6,"3,256","3,934",2,2,5
430," $799,000 ",2004,2,"2,000",Gated,13,"2,000","3,200",1,2,4
431," $745,000 ",2001,2,"1,921",Gated,14,"1,921","2,262",1,2,4
432," $699,000 ",2002,2,"1,984",Gated,9,"1,984","2,279",1,2,3
433," $799,000 ",2001,2,"1,890",Gated,9,"1,890","2,516",1,2,3
434," $649,000 ",2001,2,"2,582",Gated,15,"2,582","2,947",1,2,3
435," $850,000 ",2024,3,"1,938",No Subdivision,1,"1,938","2,728",1,2,4
436," $800,000 ",2024,3,"1,998",Non-Gated,1,"1,998","2,646",1,2,3
437," $649,000 ",2022,2,"1,212",Non-Gated,4,"1,212","3,756",1,4,3
438," $899,000 ",2002,3,"2,527",Gated,19,"2,527","2,906",1,2,4
439," $880,000 ",2001,3,"2,507",Gated,16,"2,507","2,906",1,2,4
440," $3,950,000 ",2008,3,"5,115",Non-Gated,1,"5,115","9,052",3,2,6
441," $849,900 ",2000,3,"2,507",Gated,18,"2,507","2,985",1,2,4
442," $849,900 ",2002,3,"1,983",Gated,14,"1,983","2,354",1,2,3
443," $815,000 ",2002,2,"1,983",Gated,15,"1,983","2,368",1,2,3
444," $800,000 ",2001,3,"1,983",Gated,20,"1,983","2,678",1,2,3
445," $769,900 ",2000,2,"1,983",Gated,14,"1,983","2,354",1,2,3
446," $750,000 ",2000,2,"1,995",Gated,12,"1,995","2,681",1,2,3
447," $749,900 ",2002,2,"2,200",Gated,19,"2,200","2,485",1,2,3
448," $690,000 ",2000,2,"2,901",Gated,20,"2,901","3,200",1,2,4
449," $575,000 ",2003,2,"1,830",Gated,19,"1,830","1,830",2,2,3
450," $524,900 ",2000,2,"1,540",Gated,16,"1,540","1,905",1,2,2
451," $479,900 ",2000,2,"1,540",Gated,14,"1,540","1,877",1,2,2
452," $475,000 ",1999,2,"1,540",Gated,14,"1,540","1,877",1,2,2
453," $949,000 ",2001,3,"2,507",Gated,17,"2,507","3,376",1,2,4
454," $839,900 ",2002,2,"2,000",Gated,19,"2,000","2,685",1,2,6
455," $799,900 ",1999,2,"1,980",Gated,16,"1,980","2,343",1,2,3
456," $569,900 ",2000,2,"1,540",Gated,20,"1,540","2,121",1,2,2
457," $539,900 ",2003,2,"1,680",Gated,20,"1,680","2,121",1,2,2
458," $425,900 ",1999,2,"1,540",Gated,19,"1,540","2,121",1,2,4
459," $1,299,000 ",2002,3,"2,667",Gated,13,"2,667","3,387",1,2,4
460," $750,000 ",2001,3,"1,980",Gated,15,"1,980","2,680",1,2,3
461," $560,000 ",2001,2,"1,680",Gated,19,"1,680","2,123",1,2,2
462," $895,000 ",2002,4,"2,527",Gated,15,"2,527","2,906",1,2,4
463," $889,000 ",2001,3,"2,487",Gated,16,"2,487","3,387",1,2,4
464," $869,900 ",1998,3,"2,181",Gated,12,"2,181","2,512",1,2,3
465," $865,000 ",1999,2,"1,965",Gated,15,"1,965","2,354",1,2,3
466," $859,900 ",2003,2,"1,983",Gated,15,"1,983","2,368",1,2,3
467," $859,000 ",2001,2,"1,983",Gated,16,"1,983","2,354",1,2,3
468," $749,990 ",2000,2,"1,983",Gated,17,"1,983","2,382",1,2,3
469," $799,999 ",2021,2,"2,024",Gated,1,"2,024","2,599",2,2,3
470," $755,000 ",2021,2,"1,933",Gated,1,"1,933","1,933",2,1,3
471," $710,000 ",2020,2,"2,033",Gated,4,"2,033","2,151",2,1,3
472," $998,000 ",1983,2,"1,555",Non-Gated,1,"1,555","2,027",1,2,3
473," $775,000 ",2004,2,"2,346",Gated,8,"2,346","2,509",21,2,2
474," $579,000 ",1976,2,"1,094",Non-Gated,1,"1,094","1,562",1,1,3
475," $1,100,000 ",2007,3,"2,606",Gated,20,"2,606","3,166",21,2,3
476," $1,050,000 ",2006,3,"2,174",Gated,14,"2,174","2,599",1,1,3
477," $729,000 ",2005,2,"2,014",Gated,13,"2,014","2,895",1,2,3
478," $699,999 ",2004,3,"2,642",Gated,15,"2,642","2,996",1,2,3
479," $680,000 ",2005,2,"2,014",Gated,7,"2,014","2,895",1,2,6
480," $624,000 ",2006,2,"1,670",Gated,13,"1,670","1,880",1,1,3
481," $545,000 ",2004,2,"2,346",Gated,18,"2,346","2,590",1,2,2
482," $599,500 ",2004,2,"2,346",Gated,14,"2,346","2,590",1,2,2
483," $584,990 ",2006,2,"1,768",Gated,8,"1,768","1,768",1,1,3
484," $575,000 ",2004,2,"2,346",Gated,8,"2,346","2,590",21,2,2
485," $1,045,000 ",2006,3,"2,174",Gated,15,"2,174","2,599",1,1,3
486," $889,900 ",2005,2,"2,463",Gated,6,"2,463","3,732",3,2,3
487," $865,000 ",2006,3,"2,174",Gated,16,"2,174","2,599",1,1,3
488," $3,300,000 ",2019,4,"4,037",Gated,20,"4,037","7,352",2,3,2
489," $1,739,000 ",2015,3,"2,237",Gated,18,"2,237","2,644",1,2,3
490," $2,700,000 ",2019,3,"3,033",Gated,19,"3,033","4,469",1,3,4
491," $2,375,000 ",2015,3,"2,963",Gated,18,"2,963","3,851",1,2,3
492," $999,900 ",2018,2,"1,618",Gated,16,"1,618","2,184",1,2,2
493," $2,255,000 ",2021,3,"2,781",Gated,19,"2,781","4,049",1,3,3
494," $1,899,000 ",2014,2,"2,390",Gated,14,"2,390","3,111",1,2,3
495," $1,875,000 ",2023,3,"2,702",Gated,17,"2,702","3,546",1,2,3
496," $1,700,000 ",2014,2,"2,333",Gated,16,"2,333","3,241",1,3,2
497," $1,699,000 ",2014,2,"2,358",Gated,13,"2,358","3,068",1,3,2
498," $1,495,000 ",2021,3,"2,163",Gated,18,"2,163","3,083",1,2,3
499," $1,450,000 ",2015,2,"2,016",Gated,17,"2,016","2,728",1,2,3
500," $1,449,995 ",2018,2,"2,016",Gated,17,"2,016","2,728",1,2,2
501," $1,225,000 ",2022,2,"1,862",Gated,16,"1,862","2,456",1,2,3
502," $1,150,000 ",2022,2,"1,565",Gated,16,"1,565","2,218",1,2,2
503," $2,250,000 ",1998,4,"3,783",Gated,1,"3,783","4,523",1,3,3
504," $999,900 ",2023,2,"1,864",Gated,20,"1,864","2,539",1,2,3
505," $965,000 ",2022,2,"1,616",Gated,19,"1,616","2,239",1,2,2
506," $896,836 ",2024,2,"1,560",Gated,15,"1,560","2,211",1,2,2
507," $894,614 ",2023,2,"1,618",Gated,16,"1,618","2,184",1,2,2
508," $892,494 ",2024,2,"1,560",Gated,16,"1,560","2,211",1,2,2
509," $798,000 ",2023,2,"1,864",Gated,18,"1,864","2,539",1,2,3
510," $2,998,475 ",2023,3,"2,743",Gated,17,"2,743","4,600",1,3,3
511," $3,600,000 ",2010,4,"3,977",Gated,8,"3,977","6,449",1,4,4
512," $1,399,000 ",1996,2,"2,240",Gated,8,"2,240","3,621",1,3,3
513," $5,495,000 ",2017,4,"3,280",Gated,20,"3,280","3,755",1,2,4
514," $4,969,000 ",2017,4,"3,280",Gated,25,"3,280","3,755",1,2,4
515," $4,795,000 ",2024,4,"3,238",Gated,21,"3,238","3,723",1,2,4
516," $4,195,000 ",2024,4,"3,290",Gated,25,"3,290","3,922",1,2,4
517," $3,999,999 ",2022,3,"3,290",Gated,20,"3,290","4,532",1,1,4
518," $3,695,000 ",2024,4,"3,238",Gated,26,"3,238","3,723",1,2,4
519," $349,000 ",2005,2,"1,064",Non-Gated,1,"1,064","1,271",1,1,2
520," $4,800,000 ",2024,4,"3,239",Gated,19,"3,239","3,723",1,2,4
521," $4,700,000 ",2024,4,"3,239",Gated,19,"3,239","3,723",1,2,4
522," $4,675,000 ",2024,3,"3,290",Gated,19,"3,290","3,813",1,2,4
523," $3,795,000 ",2024,4,"3,290",Gated,19,"3,290","3,983",1,1,4
524," $409,900 ",2004,2,"1,392",Non-Gated,1,"1,392","1,496",2,1,3
525," $410,000 ",2002,2,"2,020",Non-Gated,1,"2,020","2,628",2,2,6
526," $375,000 ",2005,2,"1,058",Non-Gated,1,"1,058","1,318",1,1,2
527," $399,999 ",2006,2,"1,659",Non-Gated,3,"1,659","1,773",1,1,3
528," $349,900 ",1977,2,"1,384",Non-Gated,7,"1,384","1,780",2,1,2
529," $294,000 ",1995,2,"1,257",Non-Gated,1,"1,257","1,257",2,1,3
530," $285,000 ",1977,2,"1,483",Non-Gated,7,"1,483","1,620",2,1,4
531," $1,660,000 ",1998,3,"2,082",Gated,1,"2,082","3,609",1,2,3
532," $1,075,000 ",1998,2,"2,065",Gated,1,"2,065","2,858",1,2,3
533," $997,000 ",1999,3,"2,867",Gated,9,"2,867","3,539",2,2,2
534," $1,395,000 ",1998,2,"2,921",Gated,11,"2,921","3,805",2,2,3
535," $1,395,000 ",2000,3,"2,527",Gated,1,"2,527","3,423",2,2,3
536," $950,000 ",1997,2,"2,071",Non-Gated,1,"2,071","2,537",1,2,6
537," $887,000 ",1990,2,"1,950",Non-Gated,1,"1,950","2,137",1,2,3
538," $850,000 ",1983,3,"2,508",Non-Gated,2,"2,508","3,016",1,2,8
539," $769,900 ",1987,2,"1,858",Non-Gated,2,"1,858","2,258",1,2,3
540," $750,000 ",1989,2,"1,992",Non-Gated,1,"1,992","2,925",1,2,3
541," $450,000 ",1991,2,"1,256",Non-Gated,3,"1,256","1,256",1,2,3
542," $430,000 ",1987,2,"1,205",Non-Gated,2,"1,205","1,975",1,2,2
543," $849,500 ",1991,2,"1,904",Non-Gated,3,"1,904","2,320",1,2,1
544," $695,000 ",1989,2,"2,120",Gated,4,"2,120","2,635",1,2,3
545," $669,900 ",1975,2,"1,867",Non-Gated,3,"1,867","2,150",1,2,3
546," $599,000 ",1980,2,"1,614",Gated,2,"1,614","2,051",1,2,3
547," $585,000 ",1973,2,"2,022",Non-Gated,1,"2,022","2,678",1,2,3
548," $499,000 ",1985,2,"1,649",Non-Gated,1,"1,649","2,099",1,2,3
549," $475,000 ",1990,2,"2,018",Non-Gated,1,"2,018","2,627",1,2,2
550," $1,240,000 ",1981,4,"1,947",Non-Gated,6,"1,947","2,984",1,2,4
551," $999,000 ",1984,2,"1,768",Non-Gated,1,"1,768","2,210",1,2,3
552," $899,000 ",1981,2,"2,219",Non-Gated,4,"2,219","2,639",1,2,7
553," $749,500 ",1996,2,"1,756",Non-Gated,4,"1,756","2,269",1,2,3
554," $389,000 ",1985,2,"1,335",Non-Gated,8,"1,335","1,656",1,1,2
555," $850,000 ",1986,2,"1,900",Non-Gated,2,"1,900","2,800",1,2,3
556," $555,000 ",1983,2,"1,819",Non-Gated,3,"1,819","2,257",1,2,3
557," $490,000 ",1984,3,"2,386",Non-Gated,7,"2,386","2,938",2,2,3
558," $655,000 ",1978,2,"1,725",Gated,4,"1,725","2,672",1,2,3
559," $2,795,000 ",2015,4,"4,089",Gated,20,"4,089","5,928",1,3,4
560," $3,195,000 ",2008,4,"4,917",Gated,5,"4,917","7,777",2,4,5
561," $3,095,000 ",2005,4,"3,858",Gated,21,"3,858","4,507",1,3,4
562," $2,650,000 ",2007,3,"3,567",Gated,24,"3,567","4,419",1,2,3
563," $2,574,000 ",2012,4,"3,236",Gated,18,"3,236","3,988",1,3,4
564," $2,290,000 ",2008,3,"2,651",Gated,26,"2,651","4,036",1,3,1
565," $2,149,000 ",2012,3,"2,860",Gated,19,"2,860","4,845",1,3,4
566," $2,100,000 ",1996,3,"3,161",Non-Gated,4,"3,161","3,619",1,2,3
567," $1,999,999 ",2013,4,"3,499",Gated,19,"3,499","4,206",1,3,4
568," $1,795,000 ",2011,3,"2,013",Gated,19,"2,013","3,530",1,2,3
569," $999,900 ",2003,2,"1,977",Gated,6,"1,977","2,689",1,2,3
570," $1,350,000 ",2015,2,"1,831",Gated,20,"1,831","2,375",1,2,3
571," $1,299,000 ",2015,2,"1,831",Gated,19,"1,831","2,376",1,2,3
572," $1,250,000 ",2003,2,"1,719",Gated,1,"1,719","3,045",1,2,3
573," $1,150,000 ",2006,3,"2,450",Gated,21,"2,450","2,817",1,2,3
574," $1,049,000 ",2004,3,"2,438",Gated,19,"2,438","2,861",1,2,4
575," $949,000 ",2008,2,"1,870",Gated,19,"1,870","2,235",1,2,3
576," $880,000 ",2014,2,"1,916",Gated,21,"1,916","2,577",1,2,3
577," $875,000 ",2014,2,"1,924",Gated,18,"1,924","2,577",1,2,3
578," $2,800,000 ",2015,3,"3,188",Gated,13,"3,188","4,579",1,3,4
579," $1,299,000 ",2004,3,"2,394",Gated,21,"2,394","3,200",1,2,4
580," $1,075,000 ",2006,2,"1,649",Gated,22,"1,649","2,369",1,2,3
581," $1,069,000 ",2003,2,"1,977",Gated,7,"1,977","2,373",1,2,3
582," $674,900 ",2023,2,"1,546",Non-Gated,1,"1,546","2,239",1,2,3
583," $1,350,000 ",2021,5,"3,284",Non-Gated,1,"3,284","3,800",2,2,5
584," $889,000 ",2006,3,"2,408",Gated,13,"2,408","3,047",1,2,3
585," $3,600,000 ",2023,3,"2,834",Non-Gated,1,"2,834","3,994",2,2,7
586," $3,400,000 ",2023,3,"2,744",Non-Gated,1,"2,744","3,686",1,2,4
587," $3,295,000 ",2024,3,"2,940",Non-Gated,1,"2,940","4,157",1,3,4
588," $2,999,000 ",2024,3,"2,504",Non-Gated,1,"2,504","3,379",1,2,4
589," $2,795,000 ",2005,3,"3,015",Non-Gated,1,"3,015","3,909",2,1,4
590," $2,750,000 ",2002,5,"5,221",Non-Gated,1,"5,221","6,900",2,2,10
591," $725,000 ",2005,3,"1,736",Gated,2,"1,736","2,616",1,2,3
592," $589,900 ",1993,2,"1,803",Gated,20,"1,803","2,157",1,2,3
593," $6,995,000 ",2024,5,"5,569",Non-Gated,1,"5,569","8,587",1,4,5
594," $380,000 ",1990,2,"1,272",Gated,15,"1,272","1,653",1,2,2
595," $749,000 ",2015,2,"2,152",Gated,9,"2,152","2,811",2,2,3
596," $725,000 ",2015,2,"2,152",Gated,9,"2,152","2,811",2,2,3
597," $2,100,000 ",1999,2,"1,758",Non-Gated,1,"1,758","1,892",2,1,3
598," $9,900,000 ",2024,6,"7,426",No Subdivision,2,"7,426","11,108",2,10,5
599," $1,700,000 ",1981,3,"2,128",Non-Gated,1,"2,128","2,992",1,1,4
600," $815,000 ",1966,2,"1,160",Non-Gated,1,"1,160","1,508",1,1,3
601," $559,000 ",1976,2,"1,702",Gated,2,"1,702","2,080",1,2,2
602," $460,000 ",1983,2,"1,596",Non-Gated,1,"1,596","1,596",1,2,2
603," $2,999,000 ",1995,2,"3,507",Non-Gated,4,"3,507","4,543",1,4,5
604," $415,000 ",1974,2,"1,475",Gated,16,"1,475","1,475",1,1,3
605," $364,900 ",1980,2,"1,375",Non-Gated,4,"1,375","1,662",1,1,2
606," $599,000 ",1981,2,"2,028",Non-Gated,1,"2,028","2,731",1,2,4
607," $429,000 ",1976,2,"1,402",Gated,8,"1,402","1,990",1,1,3
608," $1,695,000 ",2000,4,"3,374",No Subdivision,2,"3,374","4,531",1,3,5
609," $304,000 ",1976,1,"1,051",Non-Gated,5,"1,051","1,051",1,1,2
610," $1,575,000 ",1986,2,"2,645",No Subdivision,1,"2,645","4,308",1,3,3
611," $4,050,000 ",2021,5,"3,726",Gated,3,"3,726","5,891",2,3,4
612," $3,999,000 ",2016,2,"3,159",Non-Gated,3,"3,159","4,025",1,2,6
613," $3,479,000 ",2024,3,"2,993",Non-Gated,4,"2,993","4,727",1,3,4
614," $3,479,000 ",2024,3,"2,993",Non-Gated,4,"2,993","4,727",1,3,4
615," $2,495,000 ",2001,3,"4,741",Non-Gated,6,"4,741","5,985",1,6,12
616," $1,450,000 ",1991,4,"3,261",Non-Gated,1,"3,261","6,529",3,2,4
617," $1,399,999 ",1984,2,"1,640",Non-Gated,1,"1,640","2,002",1,1,3
618," $1,199,000 ",1988,3,"2,171",Non-Gated,1,"2,171","4,943",1,2,4
619," $1,099,900 ",1991,3,"1,748",No Subdivision,1,"1,748","4,693",1,2,3
620," $975,000 ",1995,3,"2,433",Non-Gated,1,"2,433","3,248",2,2,4
621," $800,000 ",1989,2,"2,058",Non-Gated,1,"2,058","2,246",1,2,3
622," $2,950,000 ",2023,4,"3,897",No Subdivision,2,"3,897","5,646",1,3,4
623," $1,350,000 ",2023,3,"2,448",Non-Gated,1,"2,448","3,547",1,3,7
624," $1,325,000 ",2023,3,"2,379",Non-Gated,3,"2,379","5,091",1,2,4
625," $1,295,000 ",2019,3,"2,253",Non-Gated,1,"2,253","2,908",1,2,4
626," $899,000 ",1989,2,"1,724",Non-Gated,1,"1,724","2,475",1,2,3
627," $720,000 ",1993,2,"1,409",Non-Gated,1,"1,409","1,797",1,2,3
628," $599,000 ",1987,2,"1,612",Non-Gated,1,"1,612","4,346",2,2,3
629," $1,369,900 ",2019,3,"2,448",Gated,12,"2,448","3,307",1,3,3
630," $1,050,000 ",2016,3,"2,399",Gated,14,"2,399","2,810",1,2,4
631," $1,150,000 ",2019,3,"2,247",Gated,12,"2,247","2,643",1,2,4
632," $1,729,000 ",2019,3,"3,542",Gated,18,"3,542","3,858",2,3,4
633," $1,329,000 ",2019,4,"2,805",Gated,16,"2,805","3,495",2,2,4
634," $1,195,000 ",2018,3,"2,448",Gated,17,"2,448","2,950",1,3,3
635," $749,000 ",2019,2,"2,256",Gated,18,"2,256","2,675",1,2,4
636," $650,000 ",2007,2,"1,849",Non-Gated,3,"1,849","2,187",1,2,2
637," $650,000 ",1989,2,"2,269",Gated,14,"2,269","3,537",1,2,3
638," $1,350,000 ",1998,3,"2,800",Gated,14,"2,800","5,286",1,2,3
639," $795,000 ",2021,2,"2,184",Gated,4,"2,184","2,559",1,2,3
640," $760,000 ",1999,2,"1,764",Gated,14,"1,764","2,650",1,2,6
641," $750,000 ",2004,3,"2,720",Gated,14,"2,720","3,224",1,2,4
642," $675,000 ",1993,3,"2,200",Gated,13,"2,200","3,494",1,2,3
643," $14,000,000 ",2024,5,"4,787",Non-Gated,1,"4,787","5,674",2,3,5
644," $540,000 ",1992,2,"1,505",Gated,13,"1,505","1,832",1,2,3
645," $860,000 ",2004,3,"2,740",Gated,13,"2,740","3,526",2,2,4
646," $750,000 ",2005,2,"2,542",Gated,8,"2,542","3,271",2,2,5
647," $599,500 ",2003,2,"2,100",Gated,12,"2,100","2,796",1,2,2
648," $674,900 ",2010,2,"1,981",Non-Gated,2,"1,981","2,600",1,2,3
649," $599,000 ",2006,2,"1,995",Non-Gated,4,"1,995","2,364",1,2,3
650," $850,000 ",2007,2,"2,488",Non-Gated,3,"2,488","3,690",2,2,4
651," $729,999 ",2009,2,"1,952",Non-Gated,3,"1,952","2,351",1,2,3
652," $699,000 ",2006,2,"2,010",Non-Gated,1,"2,010","2,375",1,2,2
653," $574,900 ",2006,2,"2,109",Non-Gated,1,"2,109","2,688",1,2,4
654," $639,000 ",2022,2,"1,665",Gated,5,"1,665","2,277",1,2,3
655," $679,900 ",2023,2,"1,405",Gated,5,"1,405","2,230",1,2,2
656," $649,000 ",2023,3,"2,615",Gated,6,"2,615","3,236",2,2,4
657," $570,000 ",2022,2,"1,665",Gated,5,"1,665","2,277",1,2,3
658," $825,000 ",2024,3,"2,144",No Subdivision,1,"2,144","2,846",1,2,3
659," $825,000 ",2012,2,"1,827",Gated,10,"1,827","2,541",1,2,3
660," $799,900 ",2012,3,"2,241",Gated,6,"2,241","2,643",1,2,4
661," $770,000 ",2012,2,"1,862",Gated,11,"1,862","2,522",1,2,3
662," $499,000 ",2012,2,"1,724",Gated,5,"1,724","2,307",1,2,2
663," $494,900 ",2012,2,"1,724",Gated,10,"1,724","2,076",1,2,2
664," $427,900 ",2006,2,"1,495",Gated,6,"1,495","1,550",1,2,3
665," $449,900 ",2006,2,"1,495",Gated,5,"1,495","1,936",1,2,3
666," $429,000 ",2006,2,"1,495",Gated,2,"1,495","1,695",1,2,3
667," $895,000 ",1999,2,"2,253",Gated,19,"2,253","2,657",1,2,3
668," $870,000 ",1998,2,"2,140",Gated,17,"2,140","2,636",1,2,3
669," $1,150,000 ",1998,2,"2,209",Gated,13,"2,209","3,000",1,2,3
670," $475,000 ",1996,2,"1,786",Non-Gated,2,"1,786","2,105",1,2,2
671," $575,000 ",1995,2,"1,548",Non-Gated,3,"1,548","1,967",1,2,2
672," $489,000 ",1996,2,"1,536",Non-Gated,5,"1,536","1,956",1,2,3
673," $445,000 ",1994,2,"1,266",Non-Gated,4,"1,266","1,657",1,2,3
674," $1,765,000 ",2004,3,"3,117",Gated,15,"3,117","4,543",1,3,3
675," $1,095,000 ",2002,3,"2,422",Gated,15,"2,422","3,200",1,2,3
676," $619,000 ",2002,2,"1,908",Gated,11,"1,908","2,441",2,1,2
677," $1,047,000 ",2003,2,"2,562",Gated,13,"2,562","3,249",1,2,3
678," $869,000 ",2001,3,"2,422",Gated,14,"2,422","3,200",1,2,3
679," $1,350,000 ",2004,2,"2,562",Gated,14,"2,562","3,249",1,2,3
680," $1,269,000 ",2003,3,"2,422",Gated,11,"2,422","3,200",1,2,3
681," $1,075,000 ",2003,2,"2,562",Gated,17,"2,562","3,249",1,2,3
682," $2,350,000 ",2017,4,"3,425",Gated,22,"3,425","5,049",2,2,5
683," $2,250,000 ",2015,5,"4,113",Gated,15,"4,113","8,006",2,3,5
684," $1,299,000 ",2017,3,"2,169",Gated,17,"2,169","2,730",1,3,3
685," $979,000 ",2016,2,"1,978",Gated,6,"1,978","2,423",1,2,2
686," $799,000 ",2015,2,"1,837",Gated,17,"1,837","2,268",1,2,3
687," $1,049,000 ",2015,2,"2,234",Gated,13,"2,234","2,877",1,2,4
688," $1,595,000 ",2016,3,"2,452",Gated,14,"2,452","3,261",1,2,4
689," $1,400,000 ",2015,4,"2,725",Gated,18,"2,725","3,563",1,2,4
690," $545,000 ",2001,2,"1,416",Non-Gated,1,"1,416","1,588",1,1,4
691," $999,900 ",2016,2,"2,213",Gated,18,"2,213","2,595",1,2,3
692," $795,000 ",2016,2,"1,884",Gated,15,"1,884","2,313",1,2,2
693," $2,100,000 ",2009,5,"4,600",Gated,15,"4,600","6,748",2,3,1
694," $1,249,000 ",2009,4,"3,269",Gated,12,"3,269","3,940",2,2,5
695," $919,000 ",2009,3,"2,900",Gated,11,"2,900","2,900",2,3,4
696," $890,000 ",2009,3,"2,189",Gated,14,"2,189","2,925",1,2,3
697," $820,000 ",2009,3,"2,163",Gated,13,"2,163","3,314",1,2,3
698," $855,000 ",2009,3,"2,815",Gated,16,"2,815","3,500",2,2,4
699," $3,995,000 ",2023,4,"3,600",Non-Gated,1,"3,600","5,010",2,2,4
700," $1,050,000 ",2011,4,"3,269",Gated,19,"3,269","3,940",2,2,5
701," $875,000 ",2009,3,"2,163",Gated,12,"2,163","2,925",1,2,6
702," $799,900 ",2012,3,"2,244",Gated,13,"2,244","2,695",1,3,3
703," $4,249,000 ",2024,4,"4,018",Non-Gated,3,"4,018","6,251",2,2,5
704," $2,850,000 ",2024,4,"2,702",Non-Gated,1,"2,702","3,581",1,2,4
705," $2,800,000 ",2024,4,"2,702",Non-Gated,1,"2,702","3,581",1,2,4
706," $2,595,000 ",2024,3,"2,541",No Subdivision,1,"2,541","3,504",2,2,2
707," $1,895,000 ",2024,3,"2,090",Non-Gated,1,"2,090","2,449",1,2,4
708," $1,599,000 ",2024,4,"3,067",Non-Gated,1,"3,067","3,986",2,2,4
709," $1,790,000 ",2023,3,"2,227",Non-Gated,2,"2,227","2,874",1,2,5
710," $1,745,000 ",2023,3,"2,152",Non-Gated,1,"2,152","2,739",1,2,4
711," $1,555,000 ",2022,3,"2,200",Non-Gated,1,"2,200","2,350",1,2,4
712," $1,425,000 ",1978,3,"1,464",Non-Gated,1,"1,464","1,661",1,1,3
713," $1,375,000 ",1986,2,"2,321",No Subdivision,1,"2,321","2,321",1,2,4
714," $1,370,000 ",1977,4,"2,431",Non-Gated,1,"2,431","3,053",2,1,1
715," $1,310,000 ",1986,2,"1,432",Non-Gated,1,"1,432","1,816",1,2,3
716," $1,299,000 ",2016,2,"2,011",Non-Gated,1,"2,011","2,689",1,2,3
717," $1,250,000 ",1999,3,"1,640",Non-Gated,1,"1,640","2,005",1,2,3
718," $1,235,000 ",1989,3,"1,989",Non-Gated,1,"1,989","2,240",1,2,3
719," $1,225,000 ",2019,2,"1,720",Non-Gated,1,"1,720","1,840",1,2,3
720," $1,849,000 ",2024,3,"2,862",Non-Gated,1,"2,862","4,086",1,3,4
721," $900,000 ",2018,2,"2,066",Gated,18,"2,066","2,911",1,2,3
722," $2,295,000 ",2024,3,"2,964",Gated,23,"2,964","4,887",1,3,3
723," $2,150,000 ",2021,4,"2,976",Gated,16,"2,976","3,767",1,3,4
724," $1,829,900 ",2022,3,"3,097",Gated,16,"3,097","3,897",1,3,4
725," $1,595,000 ",2020,3,"2,431",Gated,26,"2,431","3,138",1,3,4
726," $945,000 ",2019,3,"2,438",Gated,20,"2,438","2,846",1,2,4
727," $899,000 ",2019,2,"2,021",Gated,11,"2,021","2,310",1,2,3
728," $845,000 ",2017,2,"2,039",Gated,16,"2,039","2,555",1,2,3
729," $619,000 ",2018,2,"1,519",Gated,21,"1,519","2,182",1,2,2
730," $549,800 ",2020,2,"1,515",Gated,23,"1,515","2,137",1,2,2
731," $535,000 ",2019,2,"1,515",Gated,22,"1,515","1,892",1,2,2
732," $1,250,000 ",2021,3,"2,255",Gated,19,"2,255","9,150",1,3,3
733," $885,000 ",2018,2,"2,046",Gated,18,"2,046","2,888",1,2,4
734," $1,999,000 ",2021,3,"2,772",Gated,12,"2,772","3,574",1,3,3
735," $720,000 ",2021,2,"1,842",Gated,8,"1,842","2,596",1,2,3
736," $679,900 ",2020,2,"1,632",Gated,11,"1,632","2,320",1,2,2
737," $2,900,000 ",2023,2,"2,230",Non-Gated,16,"2,230","2,501",1,2,2
738," $1,730,000 ",2015,2,"1,529",Non-Gated,13,"1,529","1,732",5,1,2
739," $3,995,000 ",2023,4,"3,358",Non-Gated,10,"3,358","3,853",1,2,4
740," $2,875,000 ",2019,3,"2,375",Non-Gated,12,"2,375","2,690",5,1,3
741," $2,399,000 ",2015,3,"2,175",Non-Gated,14,"2,175","2,781",5,1,3
742," $450,000 ",2021,2,"1,680",Gated,7,"1,680","2,094",2,1,5
743," $454,900 ",2022,2,"1,619",Gated,8,"1,619","2,056",2,1,3
744," $454,000 ",2022,2,"1,680",Gated,12,"1,680","2,094",2,1,3
745," $449,900 ",2022,2,"1,582",Gated,10,"1,582","2,044",2,1,3
746," $1,400,000 ",1969,2,"1,614",Non-Gated,1,"1,614","1,614",1,1,3
747," $5,995,000 ",2005,5,"6,000",Gated,25,"6,000","8,660",2,3,5
748," $4,995,000 ",2002,5,"5,333",Gated,23,"5,333","8,363",2,3,4
749," $4,895,000 ",2013,4,"4,840",Gated,24,"4,840","9,788",1,3,2
750," $4,445,000 ",2006,4,"5,144",Gated,25,"5,144","9,936",2,3,3
751," $3,997,000 ",2007,4,"4,304",Gated,27,"4,304","7,046",1,3,4
752," $3,705,000 ",2024,4,"3,386",Gated,15,"3,386","4,837",1,3,4
753," $2,099,000 ",1998,3,"3,614",Non-Gated,1,"3,614","4,954",2,2,2
754," $3,395,000 ",2007,4,"3,910",Gated,23,"3,910","5,432",1,3,4
755," $3,395,000 ",2016,4,"3,166",Gated,29,"3,166","4,216",1,2,3
756," $2,249,000 ",2001,3,"2,206",Gated,26,"2,206","4,406",1,2,3
757," $5,695,000 ",2012,4,"5,115",Gated,28,"5,115","7,338",1,3,4
758," $4,900,000 ",2015,3,"4,510",Gated,28,"4,510","5,458",1,3,3
759," $4,850,000 ",2004,4,"4,550",Gated,22,"4,550","7,036",1,3,4
760," $4,800,000 ",2015,4,"4,378",Gated,29,"4,378","6,236",1,3,4
761," $3,300,000 ",2018,3,"3,756",Gated,22,"3,756","5,000",1,3,3
762," $3,300,000 ",2005,3,"2,985",Gated,28,"2,985","4,157",1,2,4
763," $2,595,000 ",2004,3,"3,010",Gated,14,"3,010","5,210",1,2,3
764," $3,274,000 ",2019,4,"3,075",Gated,2,"3,075","3,851",2,2,4
765," $399,900 ",1978,2,"1,216",Non-Gated,1,"1,216","1,216",2,2,3
766," $379,000 ",1970,2,"1,375",Non-Gated,1,"1,375","2,700",1,3,2
767," $9,395,000 ",2018,4,"4,337",Non-Gated,1,"4,337","5,792",2,3,4
768," $384,000 ",2003,2,"1,189",Gated,15,"1,189","1,375",1,1,2
769," $350,000 ",2004,2,"1,375",Gated,11,"1,375","1,475",1,1,3
770," $450,000 ",2005,2,"1,715",Non-Gated,7,"1,715","2,277",2,2,3
771," $439,900 ",2006,2,"1,580",Non-Gated,7,"1,580","2,008",2,1,3
772," $420,000 ",2006,2,"1,580",Non-Gated,4,"1,580","2,008",2,1,3
773," $1,250,000 ",2018,3,"2,624",Gated,3,"2,624","3,233",1,3,3
774," $1,925,000 ",2010,3,"3,248",Gated,3,"3,248","5,117",1,2,4
775," $614,900 ",1998,2,"1,486",Gated,1,"1,486","2,050",1,2,3
776," $649,999 ",1997,2,"1,472",Gated,3,"1,472","2,052",1,2,3
777," $4,195,000 ",1992,4,"4,216",Gated,14,"4,216","7,838",2,2,5
778," $617,000 ",1990,2,"1,423",Gated,8,"1,423","1,841",1,1,2
779," $2,899,999 ",1996,4,"3,793",Gated,10,"3,793","5,526",2,2,7
780," $2,495,000 ",1992,3,"3,330",Gated,6,"3,330","4,835",2,2,4
781," $1,600,000 ",1992,3,"2,824",Gated,16,"2,824","3,815",1,3,3
782," $1,000,000 ",1997,2,"1,880",Gated,18,"1,880","2,317",1,2,3
783," $799,900 ",1993,2,"1,563",Gated,12,"1,563","1,975",1,2,3
784," $1,450,000 ",1992,2,"2,569",Gated,13,"2,569","4,494",1,2,3
785," $10,500,000 ",2024,6,"11,572",No Subdivision,1,"11,572","16,564",2,4,6
786," $4,895,000 ",2024,3,"4,000",Non-Gated,1,"4,000","8,000",1,10,5
787," $4,299,000 ",1997,5,"5,861",Non-Gated,3,"5,861","9,199",1,4,6
788," $1,975,000 ",1990,3,"3,000",No Subdivision,2,"3,000","3,680",1,2,5
789," $1,795,000 ",1994,3,"2,651",Non-Gated,2,"2,651","4,205",1,4,3
790," $1,649,000 ",1990,2,"2,554",No Subdivision,7,"2,554","3,600",1,2,4
791," $1,345,000 ",2007,2,"2,604",Non-Gated,4,"2,604","4,096",1,2,4
792," $849,900 ",2005,3,"2,287",Gated,5,"2,287","2,826",1,3,4
793," $695,000 ",1994,2,"2,037",Gated,3,"2,037","3,786",2,2,4
794," $599,000 ",1996,2,"1,885",Gated,3,"1,885","2,313",1,2,4
795," $479,900 ",1989,2,"1,481",Gated,3,"1,481","2,260",1,2,3
796," $599,800 ",2000,3,"2,376",Gated,6,"2,376","4,780",1,2,3
797," $7,850,000 ",2024,5,"4,400",Non-Gated,1,"4,400","6,046",1,3,4
798," $7,490,000 ",2024,4,"4,125",No Subdivision,1,"4,125","5,835",2,3,4
799," $7,000,000 ",2024,4,"4,430",Non-Gated,3,"4,430","4,430",2,3,8
800," $5,995,000 ",2015,4,"4,517",Non-Gated,2,"4,517","6,803",2,3,3
801," $4,950,000 ",2007,4,"4,980",Non-Gated,1,"4,980","7,404",2,3,5
802," $2,075,000 ",2005,3,"3,047",Gated,12,"3,047","3,706",1,3,1
803," $2,390,000 ",1972,3,"2,653",Non-Gated,2,"2,653","3,513",1,2,4
804," $2,250,000 ",1967,3,"2,100",Non-Gated,2,"2,100","2,466",1,2,3
805," $1,698,900 ",2015,2,"2,592",Gated,12,"2,592","3,239",1,3,4
806," $1,445,000 ",2003,3,"2,858",Gated,9,"2,858","3,566",1,3,3
807," $769,900 ",2004,2,"2,146",Gated,12,"2,146","2,586",1,2,3
808," $2,950,000 ",2006,4,"4,338",Gated,13,"4,338","7,457",1,3,4
809," $2,389,800 ",2006,4,"3,404",Gated,10,"3,404","3,947",1,3,4
810," $1,998,500 ",2001,4,"3,289",Gated,10,"3,289","3,969",1,3,3
811," $24,000,000 ",2002,6,"7,635",Non-Gated,1,"7,635","9,675",3,3,5
812," $23,500,000 ",2020,7,"7,504",No Subdivision,1,"7,504","10,567",2,4,6
813," $15,995,000 ",2012,5,"7,318",Non-Gated,5,"7,318","11,303",3,7,5
814," $14,950,000 ",2023,5,"6,255",Non-Gated,1,"6,255","8,424",2,3,6
815," $14,450,000 ",2023,5,"6,219",Non-Gated,3,"6,219","8,841",2,4,5
816," $12,500,000 ",2014,5,"5,216",Non-Gated,3,"5,216","7,033",2,3,5
817," $10,995,000 ",2018,5,"4,364",No Subdivision,3,"4,364","5,782",2,3,4
818," $10,400,000 ",2024,5,"4,965",Non-Gated,3,"4,965","5,997",2,2,5
819," $10,250,000 ",2016,6,"4,693",Non-Gated,2,"4,693","6,256",2,2,5
820," $9,300,000 ",2020,4,"4,569",No Subdivision,5,"4,569","6,691",2,3,1
821," $8,500,000 ",2018,5,"4,182",Non-Gated,1,"4,182","5,166",2,2,5
822," $8,495,000 ",2004,3,"3,570",No Subdivision,1,"3,570","6,255",2,2,4
823," $8,250,000 ",2024,5,"3,939",Non-Gated,10,"3,939","5,246",2,2,5
824," $7,399,000 ",2016,4,"3,266",No Subdivision,2,"3,266","4,676",2,2,2
825," $570,000 ",1977,2,"1,500",Non-Gated,1,"1,500","1,992",1,2,3
826," $4,175,000 ",2024,4,"3,564",Gated,1,"3,564","5,183",1,3,4
827," $899,000 ",1979,3,"2,546",Gated,6,"2,546","3,249",1,2,4
828," $807,000 ",2021,4,"3,283",Gated,17,"3,283","4,783",2,3,4
829," $799,000 ",2021,4,"3,283",Gated,19,"3,283","3,760",2,3,5
830," $787,000 ",2019,3,"2,707",Gated,15,"2,707","3,449",1,3,4
831," $689,000 ",2016,2,"2,268",Gated,12,"2,268","2,773",1,3,4
832," $618,000 ",2020,3,"2,032",Gated,19,"2,032","2,630",1,2,3
833," $610,000 ",2022,3,"2,006",Gated,6,"2,006","2,383",1,2,4
834," $610,000 ",2018,3,"2,293",Gated,18,"2,293","2,774",1,3,4
835," $599,900 ",2021,3,"3,231",Gated,14,"3,231","4,038",2,3,5
836," $530,000 ",2018,3,"2,032",Gated,13,"2,032","2,630",1,2,4
837," $524,900 ",2022,3,"1,849",Gated,18,"1,849","2,485",1,2,3
838," $519,900 ",2007,3,"1,983",Gated,19,"1,983","2,388",1,2,1
839," $518,000 ",2007,2,"2,207",Gated,15,"2,207","2,574",1,2,4
840," $430,000 ",2023,2,"1,879",Gated,14,"1,879","2,288",2,1,3
841," $417,000 ",2020,2,"1,417",Gated,19,"1,417","1,952",1,2,3
842," $399,999 ",2022,2,"1,417",Gated,14,"1,417","1,912",1,2,2
843," $399,000 ",2021,2,"1,564",Gated,14,"1,564","1,898",1,2,2
844," $398,000 ",2018,2,"1,544",Gated,14,"1,544","1,898",1,2,2
845," $390,000 ",2023,2,"1,879",Gated,15,"1,879","2,288",2,1,3
846," $389,900 ",2019,2,"1,879",Gated,18,"1,879","2,288",2,1,3
847," $389,900 ",2019,2,"1,544",Gated,8,"1,544","1,898",1,2,2
848," $654,000 ",2016,3,"2,293",Gated,15,"2,293","3,374",1,3,8
849," $599,000 ",2020,3,"2,555",Gated,16,"2,555","3,296",2,2,4
850," $550,000 ",2019,2,"1,704",Gated,10,"1,704","2,081",1,2,3
851," $499,900 ",1994,3,"2,531",Non-Gated,5,"2,531","2,847",1,2,4
852," $495,000 ",2001,2,"1,767",Non-Gated,6,"1,767","2,317",1,2,8
853," $459,900 ",1990,2,"1,400",Non-Gated,6,"1,400","1,680",1,2,3
854," $410,000 ",1991,2,"1,473",Non-Gated,3,"1,473","1,700",1,2,3
855," $825,000 ",1994,2,"2,083",Gated,12,"2,083","2,399",1,2,4
856," $800,000 ",1997,2,"2,072",Gated,12,"2,072","2,509",1,2,4
857," $725,000 ",1997,2,"1,914",Gated,15,"1,914","3,525",1,2,3
858," $720,000 ",1995,2,"1,847",Gated,13,"1,847","2,214",1,2,3
859," $699,000 ",1997,2,"1,615",Gated,13,"1,615","2,088",1,2,3
860," $649,000 ",1997,2,"1,341",Gated,13,"1,341","2,002",1,2,3
861," $695,000 ",1995,2,"1,803",Gated,15,"1,803","2,494",1,2,3
862," $719,000 ",1995,2,"1,350",Gated,6,"1,350","1,350",1,2,3
863," $388,000 ",2005,2,"1,067",Gated,15,"1,067","1,188",1,1,2
864," $4,250,000 ",2024,3,"3,243",Gated,1,"3,243","4,926",1,3,3
865," $2,849,000 ",1988,3,"3,873",Non-Gated,1,"3,873","4,772",1,2,4
866," $5,975,000 ",2024,4,"5,335",Gated,2,"5,335","7,771",2,3,5
867," $5,525,000 ",2024,4,"4,475",Gated,1,"4,475","6,111",2,3,4
868," $4,335,000 ",2024,3,"3,287",Gated,2,"3,287","4,925",1,3,3
869," $4,195,000 ",2024,3,"3,072",Gated,2,"3,072","4,641",1,3,3
870," $3,547,760 ",2024,3,"3,243",Gated,1,"3,243","4,926",1,3,3
871," $3,150,000 ",1994,5,"4,200",Gated,14,"4,200","6,100",1,6,4
872," $2,875,000 ",1987,4,"3,600",Gated,17,"3,600","6,100",1,3,4
873," $2,450,000 ",1989,5,"4,267",Gated,7,"4,267","7,680",1,3,3
874," $1,850,000 ",1987,2,"2,885",Gated,9,"2,885","3,565",1,3,3
875," $3,150,000 ",1989,3,"4,161",Gated,9,"4,161","8,293",1,3,4
876," $2,850,000 ",1995,4,"3,400",Gated,12,"3,400","6,377",1,3,3
877," $879,000 ",1997,2,"2,440",Non-Gated,1,"2,440","3,190",2,3,6
878," $2,344,000 ",1987,4,"4,331",Gated,14,"4,331","6,453",1,3,3
879," $1,890,000 ",1983,3,"3,528",Gated,9,"3,528","4,126",1,2,6
880," $950,000 ",1994,2,"1,823",Non-Gated,1,"1,823","2,178",1,2,4
881," $839,900 ",1973,2,"1,615",Non-Gated,6,"1,615","2,071",1,2,3
882," $749,000 ",1989,2,"2,006",Non-Gated,1,"2,006","3,763",1,2,3
883," $1,090,000 ",1986,2,"2,336",Non-Gated,1,"2,336","2,778",1,2,3
884," $750,000 ",1983,3,"2,372",Non-Gated,1,"2,372","2,830",1,2,3
885," $947,000 ",1993,3,"2,251",Gated,11,"2,251","3,059",1,2,3
886," $629,500 ",1973,2,"1,615",Non-Gated,1,"1,615","2,072",1,2,3
887," $795,000 ",1990,2,"2,752",Gated,9,"2,752","2,752",2,2,2
888," $699,999 ",1990,3,"2,904",Gated,8,"2,904","4,528",2,2,4
889," $639,000 ",1990,2,"2,000",Gated,13,"2,000","3,700",1,2,2
890," $525,000 ",1986,3,"2,527",Gated,15,"2,527","3,147",2,1,6
891," $515,000 ",1990,2,"1,749",Gated,15,"1,749","2,293",1,2,3
892," $825,000 ",1985,2,"2,504",Gated,14,"2,504","3,911",2,2,2
893," $779,000 ",1989,2,"2,800",Gated,10,"2,800","3,900",2,2,8
894," $1,200,000 ",1982,2,"2,601",Non-Gated,3,"2,601","4,036",1,2,3
895," $999,900 ",1978,2,"2,461",Non-Gated,1,"2,461","5,460",1,2,4
896," $829,880 ",1978,3,"2,321",Non-Gated,1,"2,321","2,835",1,2,3
897," $770,000 ",1989,2,"2,623",Non-Gated,1,"2,623","2,997",1,2,4
898," $10,995,000 ",1994,7,"8,511",Gated,21,"8,511","15,524",2,6,5
899," $5,070,000 ",2001,5,"5,762",Gated,15,"5,762","11,070",2,3,2
900," $6,295,000 ",2001,4,"6,863",Gated,21,"6,863","9,132",1,3,4
901," $3,350,000 ",2023,3,"4,934",Gated,1,"4,934","6,852",1,3,5
902," $4,500,000 ",2007,4,"5,035",Gated,22,"5,035","7,998",1,4,5
903," $4,950,000 ",2014,5,"4,334",Gated,24,"4,334","6,704",1,3,4
904," $6,489,000 ",2017,4,"4,855",Gated,13,"4,855","8,174",1,4,4
905," $5,577,000 ",2024,4,"4,530",Gated,8,"4,530","5,699",1,4,4
906," $3,595,000 ",2014,4,"3,333",Gated,21,"3,333","4,901",1,3,4
907," $6,990,000 ",1997,7,"9,495",Gated,24,"9,495","19,565",2,6,5
908," $439,995 ",2006,2,"1,564",Non-Gated,3,"1,564","1,564",2,2,3
909," $6,895,000 ",2006,4,"5,498",Gated,23,"5,498","6,762",2,3,2
910," $5,500,000 ",2024,4,"4,800",Gated,22,"4,800","7,893",1,4,4
911," $4,489,500 ",2016,4,"4,124",Gated,16,"4,124","6,034",1,3,4
912," $650,000 ",1971,2,"1,511",Non-Gated,1,"1,511","1,826",1,1,2
913," $439,000 ",2006,2,"1,564",Non-Gated,4,"1,564","1,564",2,2,3
914," $699,900 ",1998,3,"3,016",Non-Gated,2,"3,016","5,558",2,2,3
915," $4,250,000 ",2020,4,"3,600",Non-Gated,1,"3,600","5,100",1,3,4
916," $699,000 ",2023,2,"1,839",Non-Gated,2,"1,839","2,471",1,2,3
917," $639,900 ",1991,2,"1,832",Non-Gated,1,"1,832","2,210",1,2,3
918," $599,900 ",1990,2,"1,456",Non-Gated,2,"1,456","1,800",1,2,3
919," $445,000 ",1991,2,"1,658",Non-Gated,3,"1,658","2,334",2,2,3
920," $695,000 ",1992,2,"1,741",Non-Gated,3,"1,741","2,104",1,2,3
921," $625,000 ",1989,2,"2,014",Non-Gated,2,"2,014","2,379",1,2,3
922," $499,000 ",1997,2,"1,897",Non-Gated,3,"1,897","1,897",2,2,3
923," $13,900,000 ",2023,4,"5,298",Non-Gated,4,"5,298","8,071",2,3,5
924," $8,395,000 ",2021,6,"4,817",Non-Gated,3,"4,817","6,223",1,2,5
925," $7,550,000 ",2024,5,"3,846",Non-Gated,1,"3,846","5,946",1,3,4
926," $6,950,000 ",2023,6,"5,745",Non-Gated,3,"5,745","11,877",2,3,4
927," $6,795,000 ",2024,5,"4,887",Non-Gated,5,"4,887","6,490",2,3,5
928," $5,450,000 ",2020,3,"3,113",No Subdivision,1,"3,113","4,664",1,3,3
929," $3,475,000 ",1972,3,"3,281",Non-Gated,5,"3,281","3,718",1,2,4
930," $2,995,000 ",1971,3,"2,217",Non-Gated,2,"2,217","2,624",1,2,3
931," $2,499,000 ",1973,2,"2,775",Non-Gated,2,"2,775","2,948",1,2,3
932," $2,475,000 ",1973,3,"2,530",Non-Gated,1,"2,530","4,484",1,2,3
933," $2,345,000 ",1982,3,"2,909",Non-Gated,3,"2,909","4,329",1,2,4
934," $1,650,000 ",1990,2,"1,412",Non-Gated,3,"1,412","1,911",1,2,2
935," $5,795,000 ",2016,4,"4,656",Non-Gated,2,"4,656","9,087",2,3,3
936," $1,299,000 ",2015,2,"3,388",Gated,10,"3,388","4,206",2,3,3
937," $950,000 ",2016,2,"2,241",Gated,12,"2,241","2,623",1,2,3
938," $759,900 ",2019,3,"2,546",Gated,10,"2,546","3,287",2,2,8
939," $719,000 ",2019,2,"2,223",Gated,2,"2,223","2,621",1,2,2
940," $1,029,900 ",2018,3,"2,444",Gated,7,"2,444","3,296",1,3,3
941," $1,095,000 ",2015,4,"3,604",Gated,7,"3,604","5,408",2,2,5
942," $735,000 ",2018,3,"2,006",Gated,8,"2,006","2,383",1,2,4
943," $450,000 ",2007,2,"1,560",Gated,9,"1,560","1,907",1,2,3
944," $699,900 ",2013,3,"2,529",Gated,12,"2,529","3,630",2,2,4
945," $649,999 ",2016,2,"1,782",Gated,11,"1,782","2,152",1,2,3
946," $649,900 ",2013,3,"2,032",Gated,11,"2,032","2,384",1,2,4
947," $649,000 ",2016,2,"1,772",Gated,13,"1,772","1,772",1,2,3
948," $579,000 ",2016,2,"2,147",Gated,16,"2,147","2,151",1,2,3
949," $539,900 ",2013,3,"2,006",Gated,10,"2,006","2,384",1,2,4
950," $449,000 ",2006,2,"1,560",Gated,14,"1,560","1,897",1,2,2
951," $584,900 ",2017,2,"1,760",Gated,10,"1,760","2,161",1,2,3
952," $639,000 ",2006,2,"1,560",Gated,15,"1,560","2,691",1,2,3
953," $575,000 ",2014,3,"2,006",Gated,10,"2,006","2,353",1,2,8
954," $489,000 ",2006,2,"1,560",Gated,4,"1,560","1,897",1,2,3
955," $409,900 ",2006,2,"1,560",Gated,14,"1,560","1,907",1,2,3
956," $750,000 ",2000,3,"2,649",Gated,9,"2,649","3,293",2,2,4
957," $899,000 ",2000,4,"3,546",Gated,12,"3,546","3,853",2,3,5
958," $699,440 ",2001,3,"2,581",Gated,10,"2,581","3,137",1,3,4
959," $860,000 ",2000,3,"2,890",Gated,9,"2,890","3,168",1,3,3
960," $19,900,000 ",1994,7,"9,049",Gated,16,"9,049","13,282",3,4,6
961," $674,900 ",2002,3,"2,140",Gated,9,"2,140","2,661",1,3,4
962," $599,999 ",2004,2,"2,128",Gated,5,"2,128","2,576",1,2,3
963," $699,000 ",1992,2,"1,723",Non-Gated,2,"1,723","2,484",1,2,3
964," $15,995,000 ",2024,6,"7,780",Gated,6,"7,780","11,072",2,4,5
965," $14,995,000 ",2024,5,"6,354",Gated,8,"6,354","8,935",2,4,5
966," $9,995,000 ",2002,5,"7,785",Gated,17,"7,785","17,159",2,4,5
967," $6,497,000 ",1993,3,"3,780",Gated,15,"3,780","4,624",2,2,4
968," $4,895,000 ",1986,4,"3,612",Gated,12,"3,612","5,189",1,3,4
969," $4,250,000 ",1980,4,"3,960",Gated,17,"3,960","5,200",2,2,5
970," $3,995,000 ",1996,3,"2,870",Gated,15,"2,870","3,632",1,2,3
971," $3,500,000 ",1990,3,"2,962",Gated,18,"2,962","5,182",1,2,3
972," $2,149,000 ",1984,2,"1,749",Gated,25,"1,749","4,364",1,2,2
973," $400,000 ",1992,1,"1,006",Non-Gated,26,"1,006","1,006",1,1,1
974," $390,000 ",1990,2,"1,470",Gated,7,"1,470","1,600",1,1,5
975," $385,000 ",1988,2,"1,384",Gated,6,"1,384","1,600",1,1,3
976," $433,000 ",1982,2,"1,412",Gated,7,"1,412","1,562",1,1,2
977," $3,799,000 ",1997,4,"3,629",Gated,9,"3,629","5,340",1,3,4
978," $3,300,000 ",2002,3,"3,745",Gated,15,"3,745","4,919",1,3,3
979," $2,175,000 ",1999,3,"3,061",Gated,16,"3,061","3,582",1,2,3
980," $1,950,000 ",2001,2,"2,903",Gated,18,"2,903","4,613",2,2,5
981," $1,799,999 ",1998,4,"3,156",Gated,5,"3,156","3,261",1,2,2
982," $4,200,000 ",2002,6,"5,606",Gated,10,"5,606","8,105",2,3,5
983," $2,690,000 ",1998,3,"3,640",Gated,11,"3,640","5,565",1,3,3
984," $2,675,000 ",1998,3,"3,474",Gated,17,"3,474","4,599",1,2,4
985," $2,650,000 ",2000,3,"3,239",Gated,17,"3,239","4,469",1,3,3
986," $1,175,000 ",2001,3,"2,098",Gated,13,"2,098","2,779",2,2,3
987," $995,000 ",1998,2,"1,825",Gated,18,"1,825","2,477",1,2,2
988," $975,000 ",1999,2,"1,640",Gated,14,"1,640","2,450",1,2,2
989," $935,000 ",1998,2,"1,640",Gated,13,"1,640","2,450",1,2,2
990," $724,999 ",1996,2,"1,560",Gated,11,"1,560","1,560",1,1,3
991," $485,000 ",2018,2,"1,467",Gated,7,"1,467","1,812",1,1,2
992," $450,000 ",2020,2,"1,467",Gated,7,"1,467","1,993",1,1,2
993," $449,900 ",2019,2,"1,339",Gated,3,"1,339","1,812",2,1,2
994," $449,900 ",2020,2,"1,339",Gated,6,"1,339","1,812",1,1,2
995," $539,000 ",2020,2,"1,660",Gated,4,"1,660","2,198",2,1,2
996," $535,000 ",2018,2,"1,660",Gated,6,"1,660","2,124",2,1,2
997," $459,000 ",1990,2,"1,432",Non-Gated,3,"1,432","1,786",2,1,2
998," $439,000 ",1988,2,"1,432",Non-Gated,3,"1,432","1,432",2,1,2
999," $639,000 ",1987,2,"1,748",Non-Gated,3,"1,748","1,748",2,1,3
1000," $510,000 ",1986,2,"1,748",Non-Gated,1,"1,748","1,748",2,1,2
1001," $17,495,000 ",2024,7,"10,074",Non-Gated,1,"10,074","14,356",2,5,6
1002," $9,975,000 ",2021,5,"5,776",Non-Gated,3,"5,776","9,552",2,5,5
1003," $8,995,000 ",2024,5,"5,783",Non-Gated,2,"5,783","10,280",1,3,4
1004," $8,495,000 ",2016,5,"8,515",Non-Gated,1,"8,515","11,159",2,4,5
1005," $4,875,000 ",2006,3,"4,102",Non-Gated,1,"4,102","4,879",1,3,5
1006," $3,900,000 ",2001,4,"4,608",No Subdivision,1,"4,608","7,709",1,2,4
1007," $3,895,000 ",2005,4,"4,493",Non-Gated,1,"4,493","6,891",1,3,6
1008," $9,645,000 ",2024,6,"6,529",Non-Gated,1,"6,529","10,265",1,4,5
1009," $10,995,000 ",2023,6,"6,787",Non-Gated,1,"6,787","10,777",1,4,5
1010," $7,350,000 ",2022,4,"5,196",Non-Gated,1,"5,196","7,324",1,3,4
1011," $3,500,000 ",1974,2,"1,986",Non-Gated,2,"1,986","5,204",1,2,4
1012," $3,495,000 ",1972,5,"3,534",Non-Gated,1,"3,534","4,952",1,3,6
1013," $1,800,000 ",2014,5,"4,132",Gated,14,"4,132","5,240",2,3,5
1014," $1,750,000 ",2015,5,"4,113",Gated,17,"4,113","7,963",2,3,6
1015," $1,600,000 ",2014,4,"3,360",Gated,15,"3,360","4,342",1,3,4
1016," $1,549,900 ",2014,5,"4,113",Gated,15,"4,113","5,022",2,3,6
1017," $1,495,000 ",2013,4,"3,376",Gated,6,"3,376","4,342",1,3,5
1018," $1,350,000 ",2015,3,"3,091",Gated,15,"3,091","4,402",1,2,3
1019," $1,350,000 ",2014,4,"3,359",Gated,14,"3,359","4,054",2,2,5
1020," $1,750,000 ",2013,4,"4,503",Gated,16,"4,503","6,113",2,3,5
1021," $1,375,000 ",2014,3,"3,064",Gated,7,"3,064","4,153",1,3,3
1022," $1,950,000 ",2013,5,"4,503",Gated,15,"4,503","6,113",2,3,5
1023," $1,795,000 ",2014,5,"4,889",Gated,13,"4,889","6,394",2,3,5
1024," $1,600,000 ",2013,4,"3,360",Gated,13,"3,360","3,935",1,3,4
1025," $1,500,000 ",2014,5,"3,616",Gated,14,"3,616","4,482",2,3,5
1026," $1,450,000 ",2014,3,"3,064",Gated,11,"3,064","3,684",1,3,3
1027," $1,350,000 ",2015,4,"3,215",Gated,16,"3,215","4,211",2,3,5
1028," $1,175,000 ",2014,2,"2,538",Gated,16,"2,538","3,561",1,2,3
1029," $1,225,000 ",1985,2,"3,016",Non-Gated,3,"3,016","5,923",1,2,3
1030," $559,000 ",1990,2,"1,683",Non-Gated,16,"1,683","3,441",1,2,2
1031," $489,000 ",1987,2,"1,335",Non-Gated,9,"1,335","1,841",1,2,2
1032," $464,900 ",1996,2,"1,784",Non-Gated,13,"1,784","2,274",1,2,2
1033," $360,000 ",1986,2,"1,412",Non-Gated,14,"1,412","1,805",1,2,2
1034," $530,000 ",1990,2,"1,665",Non-Gated,14,"1,665","2,504",1,2,3
1035," $560,000 ",1987,2,"1,763",Non-Gated,10,"1,763","2,340",1,2,3
1036," $435,000 ",1981,2,"1,850",Gated,11,"1,850","2,230",1,2,2
1037," $429,000 ",1999,2,"1,632",Non-Gated,10,"1,632","2,098",1,2,3
1038," $399,900 ",1981,2,"1,395",Non-Gated,11,"1,395","1,735",1,2,2
1039," $380,000 ",1983,2,"1,296",Non-Gated,15,"1,296","1,762",1,2,2
1040," $490,000 ",1994,2,"1,628",Gated,16,"1,628","2,126",1,1,2
1041," $1,200,000 ",2003,2,"2,544",No Subdivision,1,"2,544","3,948",1,2,4
1042," $559,000 ",2000,2,"1,710",Non-Gated,2,"1,710","2,200",1,3,3
1043," $649,900 ",1994,2,"1,712",Non-Gated,4,"1,712","3,058",1,2,3
1044," $589,500 ",1976,2,"1,124",Non-Gated,6,"1,124","1,460",1,1,3
1045," $415,000 ",1971,1,920,No Subdivision,5,920,"1,172",1,1,2
1046," $543,000 ",1971,2,"1,174",Non-Gated,4,"1,174","1,521",1,1,3
1047," $1,025,000 ",2021,3,"2,562",Gated,6,"2,562","3,178",1,3,4
1048," $999,000 ",2006,3,"2,638",Gated,6,"2,638","3,100",1,2,4
1049," $850,000 ",2022,2,"2,221",Gated,5,"2,221","3,372",1,3,3
1050," $809,000 ",2004,3,"2,453",Gated,8,"2,453","4,046",1,2,4
1051," $705,000 ",2005,2,"1,860",Gated,8,"1,860","2,716",1,3,3
1052," $640,000 ",2005,2,"2,200",Gated,10,"2,200","3,192",1,2,3
1053," $795,000 ",2001,2,"1,644",Gated,6,"1,644","2,183",1,2,3
1054," $1,099,000 ",1988,2,"2,105",Gated,16,"2,105","2,583",1,2,3
1055," $34,995,000 ",2024,6,"8,466",Non-Gated,4,"8,466","11,064",2,3,5
1056," $20,750,000 ",2024,7,"6,444",Non-Gated,6,"6,444","9,144",2,3,6
1057," $10,950,000 ",1986,4,"3,543",Non-Gated,1,"3,543","4,244",1,2,2
1058," $475,000 ",1988,2,"1,403",Non-Gated,9,"1,403","1,744",1,2,2
1059," $565,000 ",1998,2,"1,503",Non-Gated,7,"1,503","1,836",1,2,3
1060," $575,000 ",2000,2,"1,509",Non-Gated,8,"1,509","1,823",1,2,2
1061," $589,900 ",1999,2,"1,509",Non-Gated,7,"1,509","1,900",1,2,2
1062," $565,000 ",1998,2,"1,531",Non-Gated,7,"1,531","1,865",1,2,2
1063," $2,800,000 ",2017,3,"2,326",Non-Gated,1,"2,326","3,969",2,2,5
1064," $519,000 ",2003,1,"1,010",No Subdivision,1,"1,010","2,690",2,1,2
1065," $1,399,900 ",2022,3,"2,613",Gated,2,"2,613","3,535",1,2,3
1066," $725,000 ",2022,2,"1,945",Gated,6,"1,945","2,374",1,2,3
1067," $1,195,000 ",2021,3,"2,619",Gated,5,"2,619","2,619",1,2,3
1068," $995,900 ",2022,3,"3,001",Gated,2,"3,001","3,966",1,2,3
1069," $1,295,875 ",2000,3,"2,635",Non-Gated,4,"2,635","3,083",1,2,4
1070," $999,000 ",1985,2,"2,581",Non-Gated,4,"2,581","3,196",2,2,12
1071," $410,000 ",2000,2,"1,639",Gated,12,"1,639","1,639",1,1,3
1072," $399,000 ",1999,2,"1,639",Gated,8,"1,639","1,639",1,1,3
1073," $392,000 ",1999,2,"1,639",Gated,11,"1,639","2,000",1,1,2
1074," $321,900 ",1995,2,"1,200",Gated,9,"1,200","1,550",2,1,2
1075," $369,890 ",2002,2,"1,484",Gated,9,"1,484","1,907",1,1,3
1076," $350,000 ",1992,2,"1,406",Gated,3,"1,406","1,406",1,1,2
1077," $369,900 ",1995,2,"1,406",Gated,11,"1,406","1,406",1,1,3
1078," $369,900 ",1993,2,"1,406",Gated,11,"1,406","1,550",1,1,3
1079," $358,900 ",1992,2,"1,200",Gated,16,"1,200","1,350",1,1,2
1080," $929,000 ",2023,2,"2,034",Gated,12,"2,034","2,738",1,2,4
1081," $650,000 ",2023,2,"2,034",Gated,11,"2,034","2,034",1,2,3
1082," $749,500 ",2024,2,"2,221",Gated,11,"2,221","2,221",1,2,3
1083," $730,000 ",2023,2,"2,221",Gated,10,"2,221","3,069",1,2,3
1084," $999,900 ",2023,2,"2,221",Gated,7,"2,221","3,104",1,2,3
1085," $810,635 ",2024,2,"2,221",Gated,11,"2,221","2,221",1,2,3
1086," $729,000 ",2023,2,"2,221",Gated,5,"2,221","2,421",1,2,3
1087," $644,900 ",2022,2,"2,034",Gated,11,"2,034","2,738",1,2,4
1088," $975,000 ",2003,3,"2,897",Gated,14,"2,897","3,468",2,2,6
1089," $934,900 ",2005,3,"2,938",Gated,16,"2,938","3,468",2,2,5
1090," $899,000 ",2003,3,"2,897",Gated,16,"2,897","3,468",2,2,3
1091," $899,000 ",2004,2,"2,452",Gated,16,"2,452","3,108",2,2,4
1092," $850,000 ",2005,2,"2,447",Gated,16,"2,447","2,447",2,2,4
1093," $625,000 ",2004,2,"1,926",Gated,15,"1,926","2,358",1,2,3
1094," $599,000 ",2005,2,"1,765",Gated,15,"1,765","2,103",1,2,2
1095," $549,900 ",2002,2,"1,620",Gated,16,"1,620","2,208",1,2,2
1096," $530,000 ",2002,2,"1,390",Gated,1,"1,390","1,500",1,1,2
1097," $579,900 ",2004,2,"1,760",Gated,16,"1,760","2,325",1,2,3
1098," $999,000 ",2004,3,"2,920",Gated,15,"2,920","3,468",2,2,2
1099," $835,000 ",2002,3,"2,913",Gated,9,"2,913","3,506",2,3,5
1100," $725,000 ",2004,3,"2,735",Gated,13,"2,735","3,468",2,2,2
1101," $699,000 ",2003,2,"2,366",Gated,17,"2,366","2,709",1,2,3
1102," $2,495,000 ",2004,3,"3,353",Gated,19,"3,353","3,876",1,2,3
1103," $698,500 ",2002,2,"2,211",Gated,17,"2,211","2,974",1,2,3
1104," $549,000 ",2003,2,"1,760",Gated,15,"1,760","2,103",1,2,2
1105," $429,700 ",2002,2,"1,669",Gated,18,"1,669","2,107",2,1,2
1106," $509,000 ",2003,2,"1,757",Gated,15,"1,757","2,428",1,2,3
1107," $429,000 ",2001,2,"1,669",Gated,18,"1,669","2,107",1,1,2
1108," $649,000 ",2003,2,"1,879",Gated,21,"1,879","1,879",1,2,3
1109," $629,900 ",2003,2,"2,170",Gated,6,"2,170","2,170",1,2,3
1110," $599,500 ",2003,2,"2,170",Gated,15,"2,170","2,170",1,2,3
1111," $579,500 ",2003,2,"1,566",Gated,13,"1,566","2,201",1,2,3
1112," $965,000 ",1999,3,"2,322",Non-Gated,2,"2,322","2,733",1,2,4
1113," $675,000 ",1999,2,"1,897",Gated,8,"1,897","2,504",1,2,2
1114," $550,000 ",2023,2,"1,655",Gated,10,"1,655","2,300",1,2,2
1115," $739,000 ",1997,2,"2,000",Gated,8,"2,000","2,572",1,2,3
1116," $1,085,515 ",2024,3,"2,808",Gated,10,"2,808","3,946",1,3,6
1117," $833,605 ",2024,2,"2,217",Gated,10,"2,217","2,958",1,2,3
1118," $544,530 ",2023,2,"1,655",Gated,11,"1,655","2,300",1,2,2
1119," $499,000 ",2024,2,"1,405",Gated,10,"1,405","2,230",1,2,2
1120," $736,835 ",2023,3,"2,615",Gated,10,"2,615","3,392",2,2,5
1121," $670,000 ",2024,2,"1,943",Gated,15,"1,943","2,923",1,2,3
1122," $527,370 ",2023,2,"1,405",Gated,8,"1,405","2,227",1,2,2
1123," $525,000 ",2023,2,"1,405",Gated,10,"1,405","2,230",1,2,2
1124," $517,000 ",2023,2,"1,561",Gated,9,"1,561","2,313",1,2,2
1125," $500,000 ",2023,2,"1,405",Gated,10,"1,405","2,227",1,2,2
1126," $499,999 ",2023,2,"1,405",Gated,9,"1,405","2,227",1,2,2
1127," $3,499,000 ",2004,3,"3,537",Non-Gated,6,"3,537","4,899",2,3,4
1128," $3,700,000 ",1984,3,"3,455",Non-Gated,3,"3,455","3,838",1,2,3
1129," $529,000 ",1999,2,"1,611",Non-Gated,1,"1,611","1,845",2,1,3
1130," $500,000 ",1999,2,"1,611",Non-Gated,2,"1,611","1,845",2,1,3
1131," $825,000 ",2011,2,"2,090",Gated,4,"2,090","2,552",1,2,3
1132," $2,789,000 ",2004,3,"3,404",Gated,18,"3,404","3,843",18,2,3
1133," $2,725,000 ",2007,3,"2,893",Gated,18,"2,893","3,127",1,2,3
1134," $2,425,000 ",2006,3,"2,798",Gated,21,"2,798","3,050",1,2,3
1135," $2,395,000 ",2006,3,"2,893",Gated,16,"2,893","3,127",1,2,3
1136," $2,250,000 ",2007,3,"2,798",Gated,16,"2,798","3,050",1,2,3
1137," $1,695,000 ",2001,2,"1,893",Gated,18,"1,893","2,072",1,1,3
1138," $1,550,000 ",2001,3,"2,187",Gated,19,"2,187","2,707",1,1,3
1139," $1,400,000 ",2001,3,"2,187",Gated,21,"2,187","2,707",1,1,3
1140," $1,395,000 ",2001,3,"2,187",Gated,19,"2,187","2,707",1,1,3
1141," $2,400,000 ",2003,3,"2,609",Gated,19,"2,609","3,084",1,2,3
1142," $2,399,000 ",2007,3,"2,798",Gated,17,"2,798","3,050",1,2,3
1143," $1,749,000 ",2003,3,"2,893",Gated,21,"2,893","3,127",17,2,3
1144," $1,695,000 ",2001,3,"2,187",Gated,14,"2,187","2,707",1,1,3
1145," $1,250,000 ",2001,3,"2,187",Gated,16,"2,187","2,707",1,1,4
1146," $999,999 ",2001,2,"1,893",Gated,16,"1,893","2,072",12,1,3
1147," $499,900 ",2023,2,"1,467",Gated,5,"1,467","1,993",2,1,2
1148," $520,000 ",2021,2,"1,725",Gated,6,"1,725","2,387",1,2,3
1149," $509,900 ",2021,2,"1,467",Gated,4,"1,467","1,812",1,1,2
1150," $499,900 ",2020,2,"1,467",Gated,6,"1,467","1,993",1,1,2
1151," $610,000 ",2021,2,"1,725",Gated,9,"1,725","2,387",2,2,3
1152," $384,900 ",1996,2,"1,350",Non-Gated,1,"1,350","2,000",1,2,3
1153," $399,000 ",1998,2,"1,630",Non-Gated,5,"1,630","1,759",2,1,3
1154," $363,999 ",1997,2,"1,630",Non-Gated,11,"1,630","2,040",1,1,3
1155," $349,999 ",2003,2,"1,225",Non-Gated,9,"1,225","1,225",1,1,2
1156," $345,000 ",2003,2,"1,225",Non-Gated,9,"1,225","1,225",1,1,2
1157," $326,900 ",2004,2,"1,115",Non-Gated,6,"1,115","1,466",1,1,2
1158," $419,900 ",2002,2,"1,776",Non-Gated,9,"1,776","1,776",1,1,3
1159," $375,000 ",2001,2,"1,630",Non-Gated,14,"1,630","1,759",1,1,3
1160," $355,000 ",1996,2,"1,225",Non-Gated,7,"1,225","1,576",1,1,2
1161," $1,795,000 ",2010,4,"3,231",Gated,24,"3,231","4,410",1,3,4
1162," $1,595,000 ",1998,3,"2,806",Gated,20,"2,806","3,963",1,2,3
1163," $580,000 ",2003,3,"1,730",Gated,16,"1,730","2,300",2,2,6
1164," $725,215 ",2024,3,"2,456",Gated,13,"2,456","3,425",2,3,4
1165," $725,000 ",2024,3,"2,456",Gated,13,"2,456","3,525",1,3,3
1166," $715,465 ",2024,2,"2,288",Gated,13,"2,288","3,412",2,3,3
1167," $702,803 ",2024,2,"2,332",Gated,13,"2,332","3,035",2,2,3
1168," $678,125 ",2024,2,"2,428",Gated,13,"2,428","3,113",2,2,4
1169," $574,349 ",2024,2,"1,531",Gated,13,"1,531","2,189",1,2,3
1170," $752,910 ",2024,3,"3,486",Gated,13,"3,486","4,345",2,2,4
1171," $663,921 ",2024,2,"2,014",Gated,13,"2,014","3,036",2,3,3
1172," $565,592 ",2024,2,"1,859",Gated,13,"1,859","2,524",1,2,3
1173," $543,953 ",2023,2,"1,531",Gated,13,"1,531","2,189",1,2,3
1174," $644,542 ",2023,2,"1,904",Gated,13,"1,904","2,803",2,2,2
1175," $596,428 ",2023,2,"2,233",Gated,13,"2,233","3,036",2,2,3
1176," $578,561 ",2023,2,"2,014",Gated,13,"2,014","3,036",2,3,3
1177," $523,168 ",2024,2,"1,859",Gated,13,"1,859","2,524",1,2,3
1178," $499,223 ",2023,2,"1,812",Gated,13,"1,812","2,445",2,2,3
1179," $6,490,000 ",2021,4,"6,988",Gated,20,"6,988","10,477",2,4,4
1180," $3,490,000 ",2006,4,"4,126",Gated,11,"4,126","5,376",2,2,4
1181," $585,700 ",2023,2,"1,901",Gated,2,"1,901","2,404",2,2,3
1182," $524,600 ",2024,2,"1,901",Gated,2,"1,901","2,404",2,2,3
1183," $586,755 ",2024,2,"2,018",Gated,4,"2,018","2,529",2,2,3
1184," $582,410 ",2024,2,"2,018",Gated,4,"2,018","2,529",2,2,3
1185," $574,635 ",2024,2,"2,018",Gated,2,"2,018","2,529",2,2,3
1186," $548,285 ",2024,2,"1,901",Gated,3,"1,901","2,404",2,2,3
1187," $540,425 ",2024,2,"1,901",Gated,2,"1,901","2,404",2,2,3
1188," $609,750 ",2024,2,"2,018",Gated,2,"2,018","2,529",2,2,3
1189," $603,235 ",2024,2,"2,018",Gated,2,"2,018","2,529",2,2,3
1190," $603,085 ",2023,2,"2,018",Gated,2,"2,018","2,529",2,2,3
1191," $598,940 ",2023,2,"2,018",Gated,2,"2,018","2,529",2,2,3
1192," $598,885 ",2024,2,"2,018",Gated,2,"2,018","2,529",2,2,3
1193," $596,490 ",2024,2,"2,018",Gated,2,"2,018","2,529",2,2,3
1194," $575,875 ",2024,2,"2,018",Gated,4,"2,018","2,529",2,2,3
1195," $575,210 ",2023,2,"2,018",Gated,2,"2,018","2,529",2,2,3
1196," $595,000 ",2002,2,"1,738",Non-Gated,1,"1,738","2,173",1,2,3
1197," $561,120 ",2023,2,"1,901",Gated,2,"1,901","2,404",2,2,3
1198," $559,225 ",2024,2,"1,901",Gated,3,"1,901","2,404",2,2,3
1199," $520,000 ",2023,2,"1,901",Gated,2,"1,901","2,404",2,2,3
1200," $500,000 ",2023,2,"1,901",Gated,2,"1,901","2,404",2,2,3
1201," $699,000 ",1968,3,"1,788",Non-Gated,1,"1,788","2,248",1,1,3
1202," $1,100,000 ",1961,3,"2,502",Non-Gated,1,"2,502","2,903",1,2,4
1203," $635,000 ",1960,2,"1,589",Non-Gated,1,"1,589","1,643",1,3,3
1204," $384,900 ",1992,2,"1,552",Non-Gated,1,"1,552","2,134",1,1,3
1205," $379,900 ",1995,2,"1,136",No Subdivision,1,"1,136","1,411",1,1,2
1206," $329,000 ",1999,2,942,Gated,6,942,942,1,1,2
1207," $2,795,000 ",2014,3,"3,161",Gated,22,"3,161","5,000",1,3,3
1208," $3,999,000 ",2021,4,"3,515",Gated,21,"3,515","5,035",1,3,4
1209," $3,500,000 ",2016,3,"3,043",Gated,25,"3,043","4,148",1,3,4
1210," $2,595,000 ",2014,3,"2,603",Gated,17,"2,603","3,707",1,3,4
1211," $2,595,000 ",2014,4,"3,161",Gated,26,"3,161","5,000",2,3,4
1212," $1,950,000 ",2016,3,"3,025",Gated,17,"3,025","4,089",2,3,6
1213," $1,350,000 ",2015,3,"2,293",Gated,17,"2,293","2,760",1,3,4
1214," $1,679,000 ",2014,3,"2,032",Gated,22,"2,032","2,872",1,2,3
1215," $1,999,999 ",2013,3,"2,935",Gated,24,"2,935","3,465",1,3,3
1216," $4,449,000 ",2015,4,"4,102",Gated,24,"4,102","6,294",1,3,4
1217," $2,422,500 ",2013,3,"2,818",Gated,19,"2,818","3,537",1,3,3
1218," $1,275,000 ",2013,2,"2,073",Gated,15,"2,073","2,165",1,2,3
1219," $825,000 ",2004,3,"2,800",Gated,15,"2,800","3,211",2,2,4
1220," $629,000 ",1995,2,"1,862",Gated,12,"1,862","2,749",1,2,3
1221," $560,000 ",1996,2,"1,373",Gated,17,"1,373","1,970",1,2,2
1222," $999,500 ",2004,3,"2,687",Gated,16,"2,687","4,800",1,2,3
1223," $560,000 ",1999,2,"1,350",Gated,17,"1,350","1,850",1,2,2
1224," $518,000 ",2003,3,"1,730",Gated,17,"1,730","2,234",2,2,5
1225," $579,900 ",2002,3,"1,730",Gated,9,"1,730","2,234",2,2,3
1226," $499,900 ",1995,2,"1,564",Gated,17,"1,564","2,850",1,2,2
1227," $399,000 ",1996,2,"1,253",Gated,16,"1,253","1,560",1,1,2
1228," $750,000 ",1996,3,"1,827",Gated,21,"1,827","2,233",1,2,1
1229," $540,000 ",2000,2,"1,340",Gated,17,"1,340","1,930",1,2,2
1230," $429,000 ",1999,2,"1,300",Gated,16,"1,300","1,600",1,1,2
1231," $1,150,000 ",2015,3,"3,176",Gated,2,"3,176","5,713",2,3,4
1232," $1,575,000 ",2017,4,"3,359",Gated,18,"3,359","4,300",2,2,5
1233," $589,000 ",2005,2,"1,580",Gated,13,"1,580","1,931",1,2,2
1234," $2,000,000 ",2016,6,"4,920",Gated,18,"4,920","5,735",2,3,6
1235," $1,999,000 ",2016,7,"4,980",Gated,16,"4,980","6,128",2,3,5
1236," $1,900,000 ",2017,3,"3,072",Gated,19,"3,072","4,153",1,3,3
1237," $1,790,000 ",2019,5,"4,113",Gated,12,"4,113","5,020",2,3,6
1238," $1,699,000 ",2019,4,"3,508",Gated,15,"3,508","4,473",2,3,5
1239," $1,625,000 ",2019,4,"3,508",Gated,16,"3,508","4,473",2,3,5
1240," $1,435,000 ",2019,4,"3,022",Gated,19,"3,022","3,792",2,2,2
1241," $1,399,000 ",2017,4,"3,022",Gated,19,"3,022","3,792",2,2,4
1242," $1,390,000 ",2018,4,"3,022",Gated,13,"3,022","6,386",2,2,4
1243," $1,299,000 ",2017,4,"3,110",Gated,16,"3,110","3,729",2,2,4
1244," $1,275,000 ",2019,4,"3,508",Gated,13,"3,508","4,473",2,3,9
1245," $1,225,000 ",2018,4,"3,022",Gated,19,"3,022","3,792",2,2,9
1246," $1,200,000 ",2017,4,"2,777",Gated,14,"2,777","3,611",2,2,4
1247," $1,095,000 ",2019,3,"2,452",Gated,13,"2,452","3,271",1,2,4
1248," $1,075,000 ",2019,3,"2,169",Gated,20,"2,169","2,706",1,3,3
1249," $1,060,000 ",2016,4,"2,782",Gated,19,"2,782","3,563",2,2,4
1250," $998,000 ",2018,2,"2,234",Gated,17,"2,234","2,877",1,2,3
1251," $975,000 ",2019,3,"2,213",Gated,19,"2,213","2,595",1,2,3
1252," $2,350,000 ",2020,5,"3,700",Gated,15,"3,700","5,700",1,3,4
1253," $1,439,900 ",2018,4,"3,202",Gated,13,"3,202","3,792",2,2,7
1254," $2,050,000 ",2018,3,"3,072",Gated,14,"3,072","4,153",1,3,3
1255," $1,425,000 ",2020,4,"3,508",Gated,16,"3,508","4,473",2,3,3
1256," $2,050,000 ",2017,3,"3,072",Gated,14,"3,072","4,153",1,3,3
1257," $549,999 ",2005,2,"1,580",Gated,11,"1,580","2,131",1,2,2
1258," $515,000 ",2006,2,"1,451",Gated,11,"1,451","1,801",1,2,3
1259," $495,900 ",2006,2,"1,542",Gated,13,"1,542","2,106",1,2,3
1260," $445,000 ",2006,2,"1,451",Gated,11,"1,451","1,801",1,2,3
1261," $470,000 ",2006,2,"1,451",Gated,10,"1,451","1,960",1,2,3
1262," $398,900 ",2005,2,"1,580",Gated,9,"1,580","2,004",2,1,3
1263," $395,000 ",2004,2,"1,580",Gated,6,"1,580","2,008",2,1,3
1264," $399,999 ",2005,2,"1,580",Gated,11,"1,580","2,004",2,1,5
1265," $4,250,000 ",2006,4,"5,071",Gated,15,"5,071","8,532",1,4,4
1266," $3,995,000 ",2015,4,"3,928",Gated,7,"3,928","5,992",1,3,4
1267," $1,650,000 ",2015,3,"2,905",Gated,12,"2,905","3,317",1,2,3
1268," $1,649,000 ",2016,3,"2,905",Gated,11,"2,905","3,360",1,2,3
1269," $1,075,000 ",2015,2,"2,249",Gated,15,"2,249","2,650",1,2,3
1270," $990,000 ",2008,3,"2,505",Gated,14,"2,505","3,245",1,2,3
1271," $2,199,000 ",2018,3,"4,459",Gated,23,"4,459","5,218",2,2,3
1272," $798,000 ",2007,2,"2,589",Gated,16,"2,589","3,139",2,2,3
1273," $3,100,000 ",2008,5,"4,034",Gated,18,"4,034","5,448",1,3,4
1274," $1,775,000 ",2018,3,"2,905",Gated,16,"2,905","4,610",1,2,3
1275," $1,680,000 ",2014,2,"2,618",Gated,17,"2,618","3,236",1,3,2
1276," $420,000 ",2004,2,"1,667",Gated,12,"1,667","1,667",2,1,3
1277," $1,585,000 ",2015,3,"2,642",Gated,17,"2,642","3,743",1,3,2
1278," $1,350,000 ",2008,3,"2,404",Gated,19,"2,404","3,544",1,3,3
1279," $1,249,000 ",2016,4,"2,805",Gated,15,"2,805","3,495",2,2,3
1280," $923,000 ",2017,2,"1,867",Gated,21,"1,867","2,351",1,2,2
1281," $899,000 ",2012,2,"2,249",Gated,13,"2,249","2,649",1,2,3
1282," $899,000 ",2007,2,"2,558",Gated,19,"2,558","3,466",1,2,3
1283," $499,000 ",2004,2,"1,554",Gated,14,"1,554","1,925",1,2,2
1284," $539,000 ",2004,2,"2,276",Gated,13,"2,276","3,024",2,2,3
1285," $529,000 ",2004,2,"2,276",Gated,10,"2,276","3,006",2,2,3
1286," $520,000 ",2007,3,"2,151",Gated,13,"2,151","2,884",2,2,3
1287," $499,000 ",2013,2,"1,956",Gated,7,"1,956","1,956",2,2,3
1288," $479,000 ",2013,2,"1,956",Gated,15,"1,956","2,628",2,2,3
1289," $425,000 ",2005,2,"1,869",Gated,15,"1,869","2,627",2,2,3
1290," $457,000 ",2004,2,"1,869",Gated,12,"1,869","2,309",2,2,3
1291," $427,000 ",2004,2,"1,667",Gated,14,"1,667","2,234",2,1,3
1292," $899,000 ",2006,4,"4,402",Gated,11,"4,402","5,988",2,3,4
1293," $799,900 ",2007,4,"3,711",Gated,9,"3,711","5,918",2,3,5
1294," $650,000 ",2023,3,"2,444",Gated,9,"2,444","3,296",1,3,4
1295," $665,000 ",2005,2,"2,555",Gated,11,"2,555","3,215",2,2,4
1296," $649,000 ",2006,3,"3,119",Gated,10,"3,119","4,075",2,2,10
1297," $770,000 ",2007,4,"4,466",Gated,10,"4,466","5,447",2,3,10
1298," $559,980 ",2022,3,"2,032",Gated,10,"2,032","2,630",1,2,4
1299," $448,000 ",2005,2,"1,848",Gated,9,"1,848","2,418",1,2,3
1300," $799,900 ",2006,4,"3,678",Gated,10,"3,678","5,375",2,2,5
1301," $699,000 ",2007,3,"3,120",Gated,9,"3,120","4,700",2,3,5
1302," $649,900 ",2007,3,"3,116",Gated,6,"3,116","4,012",2,3,4
1303," $598,000 ",2006,3,"3,054",Gated,8,"3,054","3,154",2,2,5
1304," $589,900 ",2007,3,"2,779",Gated,13,"2,779","3,467",2,2,2
1305," $549,000 ",2009,2,"2,274",Gated,11,"2,274","3,362",2,2,4
1306," $680,000 ",2006,3,"2,906",Gated,9,"2,906","3,029",2,3,5
1307," $1,999,900 ",2024,4,"3,176",Gated,12,"3,176","4,388",1,3,4
1308," $500,000 ",2003,2,"1,575",Gated,7,"1,575","1,907",1,2,3
1309," $739,500 ",2004,3,"3,102",Gated,9,"3,102","3,889",2,3,4
1310," $558,850 ",2006,2,"1,910",Gated,11,"1,910","2,407",1,3,3
1311," $725,000 ",2001,3,"2,583",Gated,16,"2,583","4,374",1,2,4
1312," $535,000 ",2001,2,"1,917",Gated,9,"1,917","2,535",1,2,8
1313," $499,000 ",2005,2,"1,890",Gated,2,"1,890","1,900",1,2,3
1314," $699,000 ",2002,3,"2,602",Gated,15,"2,602","3,582",1,3,4
1315," $644,900 ",2001,3,"2,631",Gated,12,"2,631","2,968",1,2,5
1316," $645,000 ",2000,2,"2,292",Gated,16,"2,292","2,785",1,3,4
1317," $524,900 ",2001,2,"2,123",Gated,14,"2,123","2,915",1,2,3
1318," $524,900 ",2000,2,"1,698",Gated,13,"1,698","2,166",1,3,3
1319," $479,900 ",2002,2,"1,689",Gated,1,"1,689","2,761",1,3,6
1320," $1,385,000 ",2022,3,"2,209",Gated,19,"2,209","3,246",1,3,4
1321," $1,295,000 ",2022,2,"2,209",Gated,19,"2,209","3,246",1,3,3
1322," $1,199,900 ",2024,3,"2,788",Gated,15,"2,788","3,760",1,3,3
1323," $1,149,000 ",2024,2,"2,209",Gated,20,"2,209","3,246",1,2,3
1324," $1,089,900 ",2023,3,"2,450",Gated,15,"2,450","3,230",1,2,3
1325," $1,069,900 ",2024,3,"2,450",Gated,12,"2,450","3,230",1,2,3
1326," $1,054,900 ",2024,3,"2,450",Gated,15,"2,450","3,230",1,2,3
1327," $1,049,900 ",2024,2,"2,469",Gated,15,"2,469","3,226",1,2,2
1328," $1,049,900 ",2024,3,"2,450",Gated,16,"2,450","3,230",1,2,3
1329," $1,049,900 ",2024,2,"2,209",Gated,19,"2,209","3,246",1,2,3
1330," $999,900 ",2024,3,"2,450",Gated,21,"2,450","3,230",1,2,3
1331," $924,900 ",2023,3,"1,954",Gated,12,"1,954","2,598",1,2,3
1332," $819,900 ",2022,2,"1,674",Gated,18,"1,674","2,334",1,2,2
1333," $799,900 ",2024,2,"1,772",Gated,12,"1,772","2,460",1,3,2
1334," $799,900 ",2022,3,"1,954",Gated,13,"1,954","2,598",1,2,3
1335," $799,900 ",2024,2,"1,772",Gated,21,"1,772","2,460",1,2,2
1336," $2,099,900 ",2020,4,"3,176",Gated,19,"3,176","4,388",1,3,4
1337," $1,999,900 ",2020,3,"3,126",Gated,15,"3,126","4,173",1,3,3
1338," $1,349,900 ",2020,2,"2,620",Gated,15,"2,620","3,751",1,3,2
1339," $1,271,900 ",2024,3,"2,788",Gated,22,"2,788","3,760",1,3,3
1340," $1,234,900 ",2024,3,"2,788",Gated,19,"2,788","3,760",1,3,3
1341," $1,039,900 ",2024,3,"2,450",Gated,12,"2,450","3,230",1,2,3
1342," $980,900 ",2023,2,"2,209",Gated,15,"2,209","3,246",1,3,3
1343," $868,900 ",2023,3,"1,954",Gated,15,"1,954","2,526",1,2,3
1344," $1,100,000 ",2023,3,"1,954",Gated,16,"1,954","2,598",1,2,3
1345," $1,790,000 ",2023,3,"2,669",Non-Gated,1,"2,669","4,419",1,3,4
1346," $645,000 ",1989,2,"1,478",No Subdivision,2,"1,478","2,348",1,2,3
1347," $1,995,000 ",2018,3,"3,352",Non-Gated,1,"3,352","4,979",1,3,4
1348," $1,499,000 ",2019,2,"2,234",Non-Gated,1,"2,234","2,795",1,3,3
1349," $1,277,900 ",1997,2,"1,840",Non-Gated,2,"1,840","3,479",1,2,3
1350," $1,195,000 ",2015,3,"2,566",Non-Gated,8,"2,566","5,235",1,2,4
1351," $549,900 ",2021,2,"1,716",Gated,9,"1,716","2,107",2,2,3
1352," $875,000 ",2000,2,"1,865",Gated,16,"1,865","2,320",1,2,3
1353," $639,000 ",2000,2,"1,751",Gated,8,"1,751","2,159",1,2,3
1354," $759,000 ",2000,2,"1,751",Gated,8,"1,751","2,159",1,2,3
1355," $518,000 ",2006,3,"2,334",Gated,2,"2,334","2,334",2,2,4
1356," $565,000 ",2019,2,"1,805",Gated,9,"1,805","2,414",2,2,3
1357," $499,000 ",2022,2,"1,716",Gated,4,"1,716","2,080",2,2,3
1358," $549,000 ",2022,2,"1,804",Gated,9,"1,804","2,414",2,2,3
1359," $524,000 ",2021,2,"1,712",Gated,9,"1,712","2,270",2,2,6
1360," $494,000 ",2023,2,"1,719",Gated,4,"1,719","2,414",2,2,3
1361," $895,000 ",2024,2,"1,484",Non-Gated,1,"1,484","3,348",1,4,3
1362," $2,195,000 ",1982,2,"1,967",Non-Gated,8,"1,967","1,967",1,1,3
1363," $399,500 ",1995,2,"1,487",Non-Gated,5,"1,487","1,834",2,1,3
1364," $449,900 ",1996,2,"1,447",Non-Gated,4,"1,447","1,834",1,1,2
1365," $974,990 ",2023,2,"2,180",Gated,1,"2,180","2,959",1,2,3
1366," $754,900 ",2023,2,"2,180",Gated,6,"2,180","2,180",1,2,2
1367," $779,500 ",2022,3,"2,258",Gated,6,"2,258","2,924",1,2,4
1368," $889,000 ",2022,3,"2,228",Gated,4,"2,228","2,651",1,2,3
1369," $849,000 ",1984,2,"2,435",Non-Gated,1,"2,435","3,146",1,1,3
1370," $795,000 ",1990,2,"2,016",Non-Gated,1,"2,016","3,316",1,2,3
1371," $495,000 ",2008,2,"1,580",Gated,4,"1,580","2,013",2,1,6
1372," $860,000 ",1989,2,"1,621",Non-Gated,1,"1,621","1,993",1,2,3
1373," $729,000 ",1978,2,"1,847",Non-Gated,1,"1,847","2,370",1,2,3
1374," $659,000 ",1985,2,"1,896",Non-Gated,1,"1,896","1,896",1,2,3
1375," $875,000 ",1990,3,"1,943",Non-Gated,1,"1,943","2,312",1,2,4
1376," $649,800 ",2014,2,"1,554",Gated,16,"1,554","1,894",1,2,3
1377," $599,900 ",1977,2,"1,275",Non-Gated,1,"1,275","1,797",1,2,3
1378," $575,000 ",1994,2,"1,265",Non-Gated,1,"1,265","2,118",1,2,3
1379," $820,000 ",2017,2,"2,109",Gated,2,"2,109","2,472",1,2,3
1380," $1,135,000 ",2006,3,"2,528",Gated,19,"2,528","3,437",1,2,3
1381," $949,000 ",2004,3,"2,507",Gated,19,"2,507","3,376",1,2,4
1382," $799,000 ",2006,2,"1,983",Gated,16,"1,983","2,349",1,2,3
1383," $878,500 ",2012,2,"2,315",Gated,19,"2,315","3,343",1,3,3
1384," $875,000 ",2004,2,"2,000",Gated,19,"2,000","2,686",1,2,3
1385," $859,000 ",2006,2,"1,983",Gated,16,"1,983","2,349",1,2,3
1386," $858,000 ",2005,2,"1,983",Gated,15,"1,983","2,349",1,2,3
1387," $799,900 ",2004,2,"2,181",Gated,15,"2,181","2,507",1,2,3
1388," $779,800 ",2004,2,"1,983",Gated,16,"1,983","2,349",1,2,3
1389," $750,000 ",2012,2,"1,901",Gated,14,"1,901","2,267",1,2,3
1390," $635,000 ",2010,2,"1,415",Gated,15,"1,415","1,744",1,2,3
1391," $584,999 ",2005,2,"1,540",Gated,18,"1,540","1,877",1,2,2
1392," $579,900 ",2007,2,"1,540",Gated,16,"1,540","1,877",1,2,2
1393," $579,000 ",2005,2,"1,540",Gated,16,"1,540","1,877",1,2,2
1394," $565,000 ",2004,2,"1,554",Gated,15,"1,554","1,894",1,2,2
1395," $557,000 ",2007,3,"1,647",Gated,15,"1,647","1,647",2,2,3
1396," $545,000 ",2014,2,"1,554",Gated,20,"1,554","2,481",1,2,3
1397," $545,000 ",2005,2,"1,540",Gated,16,"1,540","1,905",1,2,4
1398," $539,000 ",2005,3,"1,868",Gated,3,"1,868","2,964",2,2,3
1399," $529,995 ",2006,2,"1,680",Gated,18,"1,680","1,989",1,2,2
1400," $529,800 ",2006,2,"1,540",Gated,15,"1,540","1,877",1,2,2
1401," $529,000 ",2007,2,"1,540",Gated,16,"1,540","1,877",1,2,2
1402," $525,000 ",2005,3,"1,647",Gated,14,"1,647","1,647",2,2,3
1403," $525,000 ",2004,2,"1,554",Gated,16,"1,554","1,925",1,2,2
1404," $519,800 ",2010,3,"1,753",Gated,15,"1,753","2,218",2,2,6
1405," $575,000 ",2005,2,"1,540",Gated,16,"1,540","1,877",1,2,2
1406," $545,000 ",2004,2,"1,540",Gated,12,"1,540","1,540",1,2,4
1407," $489,000 ",2005,3,"1,647",Gated,15,"1,647","1,647",2,2,3
1408," $879,000 ",2004,2,"2,003",Gated,18,"2,003","2,700",1,2,3
1409," $1,999,000 ",2000,3,"2,901",Gated,4,"2,901","3,491",1,3,5
1410," $1,500,000 ",2001,3,"2,738",Gated,8,"2,738","3,181",1,2,5
1411," $995,000 ",1997,2,"3,100",Gated,12,"3,100","4,237",2,2,3
1412," $975,000 ",2004,3,"2,845",Gated,5,"2,845","3,662",2,2,6
1413," $749,900 ",1999,2,"1,887",Gated,9,"1,887","2,275",1,2,3
1414," $1,825,000 ",2000,4,"3,613",Gated,7,"3,613","4,947",1,3,5
1415," $1,695,000 ",2002,5,"4,033",Gated,13,"4,033","6,649",2,3,9
1416," $1,375,000 ",2003,3,"3,355",Gated,7,"3,355","3,928",1,3,8
1417," $1,850,000 ",2021,3,"2,515",Gated,14,"2,515","3,077",1,3,3
1418," $1,375,000 ",2016,3,"2,532",Gated,16,"2,532","3,518",1,3,3
1419," $1,300,000 ",2022,3,"2,124",Gated,15,"2,124","2,961",1,2,3
1420," $1,250,000 ",2020,3,"2,914",Gated,15,"2,914","3,892",2,2,4
1421," $1,100,000 ",2016,3,"2,496",Gated,15,"2,496","3,656",1,3,3
1422," $1,048,000 ",2022,3,"2,152",Gated,16,"2,152","2,582",1,2,4
1423," $899,900 ",2017,2,"2,198",Gated,20,"2,198","2,663",1,2,3
1424," $789,000 ",2015,2,"1,910",Gated,14,"1,910","2,435",1,2,2
1425," $769,000 ",2019,2,"1,554",Gated,14,"1,554","1,898",1,2,2
1426," $725,000 ",2015,2,"2,230",Gated,12,"2,230","2,634",1,2,3
1427," $700,000 ",2018,2,"1,554",Gated,15,"1,554","1,898",1,2,2
1428," $614,500 ",2018,2,"1,554",Gated,16,"1,554","1,914",1,2,2
1429," $609,900 ",2017,2,"1,554",Gated,17,"1,554","2,142",1,2,2
1430," $1,600,000 ",2020,3,"2,515",Gated,15,"2,515","3,077",1,3,3
1431," $1,150,000 ",2022,3,"2,148",Gated,15,"2,148","3,200",1,2,3
1432," $1,150,000 ",2019,2,"2,018",Gated,16,"2,018","2,502",1,2,3
1433," $1,100,000 ",2020,2,"2,107",Gated,14,"2,107","2,525",1,2,3
1434," $1,090,000 ",2021,2,"2,105",Gated,19,"2,105","2,528",1,2,2
1435," $789,000 ",2018,2,"1,910",Gated,10,"1,910","2,488",1,2,3
1436," $760,000 ",2018,2,"1,594",Gated,16,"1,594","1,962",1,2,2
1437," $1,100,000 ",1984,2,"2,480",Non-Gated,7,"2,480","2,977",1,2,4
1438," $785,000 ",1986,2,"1,636",Non-Gated,8,"1,636","2,054",1,2,3
1439," $799,000 ",1995,3,"2,181",Gated,13,"2,181","2,681",1,2,3
1440," $739,900 ",1997,2,"1,983",Gated,12,"1,983","2,650",1,2,3
1441," $629,000 ",1995,2,"1,540",Gated,12,"1,540","2,122",1,2,2
1442," $585,000 ",1998,2,"1,540",Gated,14,"1,540","2,122",1,2,2
1443," $485,000 ",1998,2,"1,540",Gated,14,"1,540","1,877",1,2,2
1444," $529,000 ",1998,2,"1,540",Gated,12,"1,540","2,120",1,2,2
1445," $1,395,000 ",1995,3,"3,242",Gated,15,"3,242","3,883",1,3,4
1446," $1,000,000 ",1997,3,"2,000",Gated,10,"2,000","2,681",1,2,3
1447," $799,000 ",1997,2,"1,983",Gated,10,"1,983","2,678",1,2,3
1448," $749,900 ",1995,2,"1,983",Gated,11,"1,983","2,343",1,2,3
1449," $699,000 ",1997,2,"2,000",Gated,10,"2,000","2,685",1,2,3
1450," $665,000 ",1998,2,"1,547",Gated,14,"1,547","2,163",1,2,3
1451," $649,000 ",1996,2,"2,000",Gated,10,"2,000","2,685",1,2,3
1452," $564,900 ",1998,2,"1,540",Gated,14,"1,540","2,245",1,2,2
1453," $559,000 ",1996,2,"1,808",Gated,8,"1,808","1,808",1,2,2
1454," $549,000 ",1998,2,"1,680",Gated,10,"1,680","2,122",1,2,2
1455," $529,900 ",1998,2,"1,540",Gated,13,"1,540","2,122",1,2,2
1456," $525,000 ",1995,2,"1,540",Gated,6,"1,540","2,128",1,2,2
1457," $499,000 ",1996,2,"1,522",Gated,11,"1,522","2,122",1,2,2
1458," $489,000 ",1998,2,"1,540",Gated,9,"1,540","2,122",1,2,2
1459," $3,350,000 ",2000,4,"4,467",Gated,26,"4,467","7,644",1,3,4
1460," $1,795,000 ",2007,3,"2,632",Gated,3,"2,632","3,136",1,2,3
1461," $1,395,000 ",2002,3,"2,798",Gated,19,"2,798","3,361",1,3,4
1462," $1,125,000 ",1998,2,"2,943",Gated,9,"2,943","3,682",2,2,4
1463," $1,100,000 ",2004,3,"2,690",Gated,4,"2,690","3,656",1,2,3
1464," $1,000,000 ",1997,3,"2,194",Gated,3,"2,194","3,036",1,2,4
1465," $796,500 ",1992,2,"2,291",Gated,6,"2,291","7,045",1,2,2
1466," $760,000 ",2006,2,"1,926",Gated,16,"1,926","2,331",1,2,4
1467," $665,000 ",2001,2,"1,793",Gated,6,"1,793","2,531",1,2,3
1468," $629,900 ",1993,2,"1,805",Gated,6,"1,805","2,324",1,2,3
1469," $1,299,999 ",1991,2,"3,319",Gated,6,"3,319","3,933",1,3,8
1470," $850,000 ",1995,2,"1,873",Gated,7,"1,873","2,480",1,2,2
1471," $795,000 ",1995,2,"1,903",Gated,13,"1,903","2,631",1,2,2
1472," $2,050,000 ",2005,4,"3,576",Gated,25,"3,576","4,532",1,3,4
1473," $1,595,000 ",1997,4,"2,806",Gated,8,"2,806","3,657",1,2,3
1474," $1,480,000 ",2005,3,"2,650",Gated,4,"2,650","3,120",1,2,3
1475," $1,200,000 ",2002,3,"2,528",Gated,1,"2,528","3,322",1,2,3
1476," $1,098,000 ",2001,2,"2,502",Gated,16,"2,502","3,030",1,2,3
1477," $579,000 ",1996,2,"1,500",Gated,17,"1,500","1,861",1,2,3
1478," $949,000 ",1992,2,"2,174",Non-Gated,7,"2,174","2,646",1,2,3
1479," $565,000 ",1990,2,"1,464",Non-Gated,7,"1,464","1,851",1,2,2
1480," $499,900 ",1990,2,"1,233",Non-Gated,6,"1,233","1,567",1,2,2
1481," $489,000 ",1997,2,"1,450",Non-Gated,8,"1,450","1,925",1,2,3
1482," $455,000 ",1997,2,"1,454",Non-Gated,6,"1,454","1,823",1,2,3
1483," $425,000 ",1990,2,"1,441",Non-Gated,8,"1,441","1,915",1,1,2
1484," $400,000 ",1990,2,"1,441",Non-Gated,4,"1,441","1,441",1,1,2
1485," $785,000 ",1987,2,"1,839",Gated,13,"1,839","2,478",2,2,3
1486," $1,195,000 ",1991,2,"2,420",Gated,13,"2,420","2,960",1,2,3
